Workbook

Sheet Read me
A1: Pest2Veg: 12 main UK pests, verified
A2: Every link is backed by a numbered source on the References sheet. Unsourced links are not included.
A3: Checked on | B3: 13 October 2026
A4: Scope | B4: UK growers. 8 crops, 12 pests, 16 grower-visible symptoms.
A5: Sources | B5: Royal Horticultural Society (RHS) pest pages and grow-your-own pages. No US sources.
A6: How to read the grids | B6: A number is the supporting reference. Blank = not verified, so not in the data.
A7: Why these 12 | B7: Chosen to keep the pests that attack the most crops or have the most distinctive symptoms, dropping generic groups that a grower could not act on. Dropped from the 17-pest version: Root Aphids, Cabbage Whitefly, Flea Beetles, Spotted Wing Drosophila, Pigeons (all still sourced, can be added back). Cutworms replace Pigeons (a bird) and help Lettuce and Potato. COVERAGE IS NOT EVEN: seven crops have 3 or more pests, but SPINACH HAS ONLY ONE (Slugs and Snails). The RHS spinach grow-your-own page names slugs, birds and pigeons but no second insect pest, so we have not added an unevidenced link. Spinach is the weakest crop in the tool and should be presented as such rather than hidden. Finding a working source for spinach is the honest fix.
A8: Matching impact | B8: High match needs 3+ matching symptoms. Pests that can reach High: Aphids, Mealy Cabbage Aphid, Glasshouse Whitefly, Cabbage Root Fly, Thrips, Slugs and Snails.
A9: Limits | B9: Some RHS crop pages loaded only partly, so only visible text was used. Blank means not found in these sources, not proof of no link. Results are possible matches, not a diagnosis.
A10: Scientific names | B10: Taken from the RHS page for each pest (Quick facts or text). Where the page covers a group, the group or genus is given, not a single species. Cutworm names are the three moths the RHS page names.
A11: Wording | B11: Symptom wording must match exactly between tick boxes and data, or matching fails silently.

Sheet Published data
A1: What the website actually publishes
A2: What the live site publishes, and how it differs from the research in this workbook. Kept as a separate sheet so any gap is visible rather than assumed.
A4: SYMPTOMS PUBLISHED (16 - all of them)
A5: Holes in leaves
A6: Small insects on leaves
A7: Caterpillars on leaves
A8: Sticky residue
A9: Black sooty mould
A10: Curled or distorted leaves
A11: Yellowing leaves
A12: Mottled leaves
A13: Silvery patches
... A22: NOTHING IS HELD BACK
B23: All 16 researched symptoms are published as tick boxes. Every cell on the Pest x Symptom sheet can therefore reach a grower, so no sourced symptom goes unused.
A25: CONSEQUENCE - how many pests can reach High
B26: High needs 3 or more matching symptoms, so a pest with only 2 known symptoms can never be a High match however good the fit. Six of our 12 pests can: Aphids and Thrips (4 symptoms each), and Mealy Cabbage Aphid, Glasshouse Whitefly, Cabbage Root Fly and Slugs and Snails (3 each).
A28: CONSEQUENCE - coverage per crop
A30: Tomato | B30: 5 pests. Best covered.
A31: Cucumber | B31: 5 pests. Good.
A32: Cabbage | B32: 4 pests. Good.
A33: Potato | B33: 4 pests. Good.
A34: Lettuce | B34: 3 pests. Acceptable.
A35: Pepper | B35: 3 pests. Acceptable.
A36: Strawberry | B36: 3 pests. Acceptable.
A37: Spinach | B37: 1 pest. THE WEAKEST CROP - only Slugs and Snails. This breaks the 'at least two pests per crop' intent stated on the Read me sheet.
A39: RECOMMENDATION on Spinach | B39: Do not add a spinach link we cannot evidence. Olu checked the RHS spinach grow-your-own page on 13 Oct 2026: it names slugs, birds and pigeons but no second insect pest, so there is nothing to add. Spinach having one pest is a real gap in the tool and is recorded on the Read me sheet rather than hidden.
A41: WHY ALL 16 ARE PUBLISHED
B42: An earlier version used a 10-word list of our own devising. That was wrong twice over. It lost sourced symptoms (Slugs and Snails lost 'Tunnelled roots or tubers', the only symptom tying them to potato), and keeping pest lists long enough to stay useful would have meant SUBSTITUTING unsourced symptoms - 'Yellowing leaves' for Cabbage Root Fly and Red Spider Mite, which no source supports. The rule we now follow: drop a symptom rather than substitute a different one.
B43: Note 'Pale tunnels in leaves' is gone from the published list because no leaf miner remains among the 12 pests, so nothing could ever match it.

Sheet Logic
A1: How the website turns symptoms into a match
A2: This sheet fills the gap the other sheets leave: they say WHICH pests attack WHICH crops, not HOW a search becomes a result.
A4: Step | B4: Name | C4: What actually happens
A5: 1 | B5: User picks a crop | C5: One crop is chosen from the Identify page tiles.
A6: 2 | B6: User ticks symptoms | C6: One or more of the symptoms in the 'Pest x Symptom' sheet that the site actually offers.
A7: 3 | B7: RULE 1 - crop must match | C7: Any pest that does not attack the chosen crop is discarded. Done first, because it is the cheapest test.
A8: 4 | B8: RULE 2 - count common symptoms | C8: For each survivor, compare the ticked symptoms against that pest's own list. No overlap at all means discard it too.
A9: 5 | B9: Work out share | C9: share = matched symptoms / the pest's OWN total symptom count. So 3 matched out of 5 known = 0.6.
A10: 6 | B10: RULE 3 - label it | C10: Two numbers must BOTH pass. See the thresholds below.
A11: 7 | B11: Build the reason | C11: A sentence naming the symptoms that matched, so the grower can check our reasoning.
A12: 8 | B12: Sort | C12: Most matches first, then biggest share, then name A-Z so repeated searches give an identical order.
A13: 9 | B13: Show results | C13: One card per result, each linking to that pest's page.
B15: MATCH LEVELS
A16: Level | B16: Needs | C16: Plain meaning
A17: High | B17: 3 or more matched AND share 0.6 or more | C17: Strong evidence.
A18: Medium | B18: 2 or more matched AND share 0.4 or more | C18: Plausible.
A19: Low | B19: Anything else | C19: Possible, but check the others too. Not a failure.
B21: WHY SHARE EXISTS
A22: Problem | C22: Several of our pests have only 2 known symptoms. A grower who ticks one of them gets a perfect-looking 1-of-1 raw count, and on the raw count alone that pest would beat a well-documented one on very thin evidence.
A23: Fix | C23: Also measure share = matched / the pest's own list length, and require BOTH numbers to pass. One matched symptom can never reach the High minimum of 3, so a thin pest cannot claim to be the answer on a single tick. An automated test pins this so it cannot drift.
B25: WORKED EXAMPLE - Cabbage + 3 symptoms
C26: Ticked: Wilting, Stunted growth, Tunnelled roots or tubers.
A27: Pest | B27: Result | C27: Why
A28: Cabbage Root Fly | B28: High | C28: Attacks cabbage. 3 matched of its own 3 known, share 1.0.
A29: Slugs and Snails | B29: Low | C29: Attacks cabbage but matches only 1 of 3 known, share 0.33.
A30: Aphids | B30: not shown | C30: Does not attack cabbage in our data.
A32: Worked example - an empty result | C32: Tomato + 'Holes in leaves' returns nothing at all, and Tomato + (Yellowing leaves, Sticky residue, Small insects on leaves) returns results but NO High match, because Aphids does not have yellowing leaves in our sourced data. That is correct, not a fault: none of our tomato pests cause holes in leaves, so we say nothing rather than offer a poor guess. An empty result is a real answer and is tested.
B34: WHY NOT MACHINE LEARNING
A35: A trained classifier would return one answer plus a confidence number, and we could not show the grower why. Our rules give a reason for every result, so it can be checked and argued with. For a tool that might steer someone towards treating a crop, being able to challenge the answer matters more than being right more often. It also makes results repeatable and testable, which is what the automated checks rely on.

Sheet Pest x Crop
A1: Green = pest attacks this crop; number = supporting reference. Blank = not verified.
A3: Pest | B3: Tomato | C3: Cabbage | D3: Potato | E3: Lettuce | F3: Pepper | G3: Cucumber | H3: Strawberry | I3: Spinach | J3: Count
A4: Aphids (Aphidoidea) | B4: 1 | E4: 16 | F4: 17 | G4: 1 | H4: 19, 12 | J4: =COUNTA(B4:I4)
A5: Mealy Cabbage Aphid (Brevicoryne brassicae) | C5: 2, 14 | J5: =COUNTA(B5:I5)
A6: Glasshouse Whitefly (Trialeurodes vaporariorum) | B6: 3, 13 | F6: 3, 17 | G6: 3, 18 | J6: =COUNTA(B6:I6)
A7: Cabbage Caterpillars (Pieris brassicae, P. rapae, P. napi, Mamestra brassicae, Plutella xylostella) | C7: 4, 14 | J7: =COUNTA(B7:I7)
A8: Cabbage Root Fly (Delia radicum) | C8: 5, 14 | J8: =COUNTA(B8:I8)
A9: Red Spider Mite (Tetranychus urticae) | B9: 6 | F9: 6, 17 | G9: 6, 18 | J9: =COUNTA(B9:I9)
A10: Thrips (Order Thysanoptera) | B10: 7 | G10: 7 | J10: =COUNTA(B10:I10)
A11: Slugs and Snails (Arion, Cornu, Deroceras, Limacus) | C11: 14 | D11: 8, 15 | E11: 8, 16 | G11: 18 | H11: 19 | I11: 20 | J11: =COUNTA(B11:I11)
A12: Wireworms (Genus Agriotes) | D12: 9, 15 | J12: =COUNTA(B12:I12)
A13: Potato Cyst Nematodes (Globodera rostochiensis and G. pallida) | B13: 10 | D13: 10, 15 | J13: =COUNTA(B13:I13)
A14: Vine Weevil (Otiorhynchus sulcatus) | H14: 11, 19 | J14: =COUNTA(B14:I14)
A15: Cutworms (Agrotis segetum) | D15: 21, 15 | E15: 21, 16 | J15: =COUNTA(B15:I15)
A16: Count | B16: =COUNTA(B4:B15) | C16: =COUNTA(C4:C15) | D16: =COUNTA(D4:D15) | E16: =COUNTA(E4:E15) | F16: =COUNTA(F4:F15) | G16: =COUNTA(G4:G15) | H16: =COUNTA(H4:H15) | I16: =COUNTA(I4:I15)

Sheet Pest x Symptom
A1: Green = pest causes this symptom; number = supporting reference. Blank = not verified.
A3: Pest | B3: Holes in leaves | C3: Small insects on leaves | D3: Caterpillars on leaves | E3: Sticky residue | F3: Black sooty mould | G3: Curled or distorted leaves | H3: Yellowing leaves | I3: Mottled leaves | J3: Silvery patches | K3: Fine webbing | L3: Stunted growth | M3: Wilting | N3: Tunnelled roots or tubers | O3: Notched leaf edges | P3: Slime trails | Q3: Stems cut at soil level | R3: Count
A4: Aphids (Aphidoidea) | C4: 1 | E4: 1 | G4: 1 | L4: 1 | R4: =COUNTA(B4:Q4)
A5: Mealy Cabbage Aphid (Brevicoryne brassicae) | C5: 2 | G5: 2 | H5: 2 | R5: =COUNTA(B5:Q5)
A6: Glasshouse Whitefly (Trialeurodes vaporariorum) | C6: 3 | E6: 3 | F6: 3 | R6: =COUNTA(B6:Q6)
A7: Cabbage Caterpillars (Pieris brassicae, P. rapae, P. napi, Mamestra brassicae, Plutella xylostella) | B7: 4 | D7: 4 | R7: =COUNTA(B7:Q7)
A8: Cabbage Root Fly (Delia radicum) | L8: 5 | M8: 5 | N8: 5 | R8: =COUNTA(B8:Q8)
A9: Red Spider Mite (Tetranychus urticae) | I9: 6 | K9: 6 | R9: =COUNTA(B9:Q9)
A10: Thrips (Order Thysanoptera) | G10: 7 | I10: 7 | J10: 7 | L10: 7 | R10: =COUNTA(B10:Q10)
A11: Slugs and Snails (Arion, Cornu, Deroceras, Limacus) | B11: 8 | N11: 8 | P11: 8 | R11: =COUNTA(B11:Q11)
A12: Wireworms (Genus Agriotes) | N12: 9 | R12: =COUNTA(B12:Q12)
A13: Potato Cyst Nematodes (Globodera rostochiensis and G. pallida) | H13: 10 | M13: 10 | R13: =COUNTA(B13:Q13)
A14: Vine Weevil (Otiorhynchus sulcatus) | M14: 11 | O14: 11 | R14: =COUNTA(B14:Q14)
A15: Cutworms (Agrotis segetum) | M15: 21 | Q15: 21 | R15: =COUNTA(B15:Q15)
A16: Count | B16: =COUNTA(B4:B15) | C16: =COUNTA(C4:C15) | D16: =COUNTA(D4:D15) | E16: =COUNTA(E4:E15) | F16: =COUNTA(F4:F15) | G16: =COUNTA(G4:G15) | H16: =COUNTA(H4:H15) | I16: =COUNTA(I4:I15) | ... Q16: =COUNTA(Q4:Q15)

Sheet Pests
A1: Pest | B1: Scientific name | C1: Scientific name ref | D1: Type | E1: Crops it attacks | F1: Symptoms a grower sees | G1: Number of symptoms | H1: Can reach High match? | I1: References | J1: Look-alike note (not a symptom)
A2: Aphids | B2: Aphidoidea (superfamily of true bugs, Hemiptera) | C2: 1 | D2: Insect | E2: Tomato, Cucumber, Pepper, Lettuce, Strawberry | F2: Small insects on leaves, Sticky residue, Curled or distorted leaves, Stunted growth | G2: =COUNTA('Pest x Symptom'!B4:Q4) | H2: =IF(G2>=3,"Yes","No (needs 3+ symptoms)") | I2: 1, 12, 16, 17, 19
A3: Mealy Cabbage Aphid | B3: Brevicoryne brassicae | C3: 2 | D3: Insect | E3: Cabbage | F3: Small insects on leaves, Yellowing leaves, Curled or distorted leaves | G3: =COUNTA('Pest x Symptom'!B5:Q5) | H3: =IF(G3>=3,"Yes","No (needs 3+ symptoms)") | I3: 2, 14
A4: Glasshouse Whitefly | B4: Trialeurodes vaporariorum | C4: 3 | D4: Insect | E4: Tomato, Cucumber, Pepper | F4: Small insects on leaves, Sticky residue, Black sooty mould | G4: =COUNTA('Pest x Symptom'!B6:Q6) | H4: =IF(G4>=3,"Yes","No (needs 3+ symptoms)") | I4: 3, 13, 17, 18
A5: Cabbage Caterpillars | B5: Pieris brassicae, P. rapae, P. napi, Mamestra brassicae, Plutella xylostella | C5: 4 | D5: Insect | E5: Cabbage | F5: Holes in leaves, Caterpillars on leaves | G5: =COUNTA('Pest x Symptom'!B7:Q7) | H5: =IF(G5>=3,"Yes","No (needs 3+ symptoms)") | I5: 4, 14
A6: Cabbage Root Fly | B6: Delia radicum | C6: 5 | D6: Insect | E6: Cabbage | F6: Wilting, Stunted growth, Tunnelled roots or tubers | G6: =COUNTA('Pest x Symptom'!B8:Q8) | H6: =IF(G6>=3,"Yes","No (needs 3+ symptoms)") | I6: 5, 14
A7: Red Spider Mite | B7: Tetranychus urticae | C7: 6 | D7: Mite | E7: Tomato, Cucumber, Pepper | F7: Mottled leaves, Fine webbing | G7: =COUNTA('Pest x Symptom'!B9:Q9) | H7: =IF(G7>=3,"Yes","No (needs 3+ symptoms)") | I7: 6, 17, 18
A8: Thrips | B8: Order Thysanoptera | C8: 7 | D8: Insect | E8: Tomato, Cucumber | F8: Silvery patches, Mottled leaves, Curled or distorted leaves, Stunted growth | G8: =COUNTA('Pest x Symptom'!B10:Q10) | H8: =IF(G8>=3,"Yes","No (needs 3+ symptoms)") | I8: 7
A9: Slugs and Snails | B9: Genera Arion, Cornu, Deroceras, Limacus (class Gastropoda) | C9: 8 | D9: Mollusc | E9: Lettuce, Spinach, Cucumber, Strawberry, Potato, Cabbage | F9: Holes in leaves, Slime trails, Tunnelled roots or tubers | G9: =COUNTA('Pest x Symptom'!B11:Q11) | H9: =IF(G9>=3,"Yes","No (needs 3+ symptoms)") | I9: 8, 14, 15, 16, 18, 19, 20 | J9: Yes - wireworm tunnels run straight through a tuber, slug damage leaves small openings leading to cavities (RHS ref 9). Advice on the pest page only, not a tick-box symptom.
A10: Wireworms | B10: Genus Agriotes (click beetle larvae) | C10: 9 | D10: Insect | E10: Potato | F10: Tunnelled roots or tubers | G10: =COUNTA('Pest x Symptom'!B12:Q12) | H10: =IF(G10>=3,"Yes","No (needs 3+ symptoms)") | I10: 9, 15 | J10: Yes - wireworm tunnels run straight through a tuber, slug damage leaves small openings leading to cavities (RHS ref 9). Advice on the pest page only, not a tick-box symptom.
A11: Potato Cyst Nematodes | B11: Globodera rostochiensis and G. pallida | C11: 10 | D11: Nematode | E11: Potato, Tomato | F11: Yellowing leaves, Wilting | G11: =COUNTA('Pest x Symptom'!B13:Q13) | H11: =IF(G11>=3,"Yes","No (needs 3+ symptoms)") | I11: 10, 15
A12: Vine Weevil | B12: Otiorhynchus sulcatus | C12: 11 | D12: Insect | E12: Strawberry | F12: Notched leaf edges, Wilting | G12: =COUNTA('Pest x Symptom'!B14:Q14) | H12: =IF(G12>=3,"Yes","No (needs 3+ symptoms)") | I12: 11, 19
A13: Cutworms | B13: Agrotis segetum (turnip moth), Noctua pronuba (large yellow underwing), Agrotis exclamationis (heart and dart moth) | C13: 21 | D13: Insect (moth caterpillar) | E13: Lettuce, Potato | F13: Wilting, Stems cut at soil level | G13: =COUNTA('Pest x Symptom'!B15:Q15) | H13: =IF(G13>=3,"Yes","No (needs 3+ symptoms)") | I13: 15, 16, 21

Sheet Crops
A1: Crop | B1: Pests that attack it | C1: Number of pests | D1: Status
A2: Tomato | B2: Aphids, Glasshouse Whitefly, Red Spider Mite, Thrips, Potato Cyst Nematodes | C2: =COUNTIF('Pest x Crop'!B4:B15,"?*") | D2: =IF(C2=0,"No verified pest",IF(C2<3,"Thin coverage","Covered"))
A3: Cabbage | B3: Mealy Cabbage Aphid, Cabbage Caterpillars, Cabbage Root Fly, Slugs and Snails | C3: =COUNTIF('Pest x Crop'!C4:C15,"?*") | D3: =IF(C3=0,"No verified pest",IF(C3<3,"Thin coverage","Covered"))
A4: Potato | B4: Slugs and Snails, Wireworms, Potato Cyst Nematodes, Cutworms | C4: =COUNTIF('Pest x Crop'!D4:D15,"?*") | D4: =IF(C4=0,"No verified pest",IF(C4<3,"Thin coverage","Covered"))
A5: Lettuce | B5: Aphids, Slugs and Snails, Cutworms | C5: =COUNTIF('Pest x Crop'!E4:E15,"?*") | D5: =IF(C5=0,"No verified pest",IF(C5<3,"Thin coverage","Covered"))
A6: Pepper | B6: Aphids, Glasshouse Whitefly, Red Spider Mite | C6: =COUNTIF('Pest x Crop'!F4:F15,"?*") | D6: =IF(C6=0,"No verified pest",IF(C6<3,"Thin coverage","Covered"))
A7: Cucumber | B7: Aphids, Glasshouse Whitefly, Red Spider Mite, Thrips, Slugs and Snails | C7: =COUNTIF('Pest x Crop'!G4:G15,"?*") | D7: =IF(C7=0,"No verified pest",IF(C7<3,"Thin coverage","Covered"))
A8: Strawberry | B8: Aphids, Slugs and Snails, Vine Weevil | C8: =COUNTIF('Pest x Crop'!H4:H15,"?*") | D8: =IF(C8=0,"No verified pest",IF(C8<3,"Thin coverage","Covered"))
A9: Spinach | B9: Slugs and Snails | C9: =COUNTIF('Pest x Crop'!I4:I15,"?*") | D9: =IF(C9=0,"No verified pest",IF(C9<3,"Thin coverage","Covered"))

Sheet References
A1: Ref | B1: Source (Harvard style) | C1: Accessed
A2: 1 | B2: Royal Horticultural Society (n.d.) Aphids. Available at: https://www.rhs.org.uk/biodiversity/aphids | C2: 13 October 2026
A3: 2 | B3: Royal Horticultural Society (n.d.) Mealy cabbage aphid. Available at: https://www.rhs.org.uk/biodiversity/mealy-cabbage-aphid | C3: 13 October 2026
A4: 3 | B4: Royal Horticultural Society (n.d.) Glasshouse whitefly. Available at: https://www.rhs.org.uk/biodiversity/glasshouse-whitefly | C4: 13 October 2026
A5: 4 | B5: Royal Horticultural Society (n.d.) Cabbage caterpillars. Available at: https://www.rhs.org.uk/biodiversity/cabbage-caterpillars | C5: 13 October 2026
A6: 5 | B6: Royal Horticultural Society (n.d.) Cabbage root fly. Available at: https://www.rhs.org.uk/biodiversity/cabbage-root-fly | C6: 13 October 2026
A7: 6 | B7: Royal Horticultural Society (n.d.) Glasshouse red spider mite. Available at: https://www.rhs.org.uk/biodiversity/glasshouse-red-spider-mite | C7: 13 October 2026
A8: 7 | B8: Royal Horticultural Society (n.d.) Thrips. Available at: https://www.rhs.org.uk/biodiversity/thrips | C8: 13 October 2026
A9: 8 | B9: Royal Horticultural Society (n.d.) Slugs and snails. Available at: https://www.rhs.org.uk/biodiversity/slugs-and-snails | C9: 13 October 2026
A10: 9 | B10: Royal Horticultural Society (n.d.) Wireworms. Available at: https://www.rhs.org.uk/biodiversity/wireworms | C10: 13 October 2026
A11: 10 | B11: Royal Horticultural Society (n.d.) Potato cyst nematodes. Available at: https://www.rhs.org.uk/biodiversity/potato-cyst-nematodes | C11: 13 October 2026
A12: 11 | B12: Royal Horticultural Society (n.d.) Vine weevil. Available at: https://www.rhs.org.uk/biodiversity/vine-weevil | C12: 13 October 2026
A13: 12 | B13: Royal Horticultural Society (n.d.) Fruit aphids. Available at: https://www.rhs.org.uk/biodiversity/fruit-aphids | C13: 13 October 2026
... A22: 21 | B22: Royal Horticultural Society (n.d.) Cutworms. Available at: https://www.rhs.org.uk/biodiversity/cutworms | C22: 13 October 2026
