Workbook

Sheet START HERE
A1: Pest2Veg: the one workbook we work from
A2: CPU4106 group project. UK vegetable growers. Supports UN SDG 2: Zero Hunger. Checked 14 October 2026.
A4: What Pest2Veg does | B4: A grower picks a crop, ticks the symptoms they can see, and the site lists POSSIBLE pests with a High, Medium or Low match and the reason. It is not a diagnosis and it does not recognise pests from photos.
A5: What this workbook is | B5: The human-readable version of js/pests-data.js plus the rules in js/matching.js. If the website and this workbook disagree, fix the workbook or the data until they match.
A6: The one rule | B6: A link is only in here if a real source on the References sheet says so. Blank = not verified = not in the data. Never present an unverified claim as fact.
A7: Scope | B7: 8 crops, 12 pests, 16 symptoms, 21 sources. UK sources only (mostly the Royal Horticultural Society).
A8: How the site works in 3 layers | B8: DATA (what we know: pests-data.js, Olu) -> LOGIC (how we decide: matching.js, Shafaqat) -> PAGES (what the grower sees: html by Kamran, css by Ike).
A9: Known limits | B9: Spinach has only 1 sourced pest. Six pests can reach a High match (3+ symptoms needed). Some RHS pages loaded only partly. Photo licences still being checked.
A11: SHEET | B11: WHAT IT IS FOR
A12: Project map | B12: Every file in the project, who owns it, what it does
A13: Pest x Crop | B13: Which pest attacks which crop, with the source number
A14: Pest x Symptom | B14: Which symptom each pest causes, with the source number
A15: Pests | B15: One row per pest: scientific name, size, colour, summary, management, sources, photo
A16: Crops | B16: Each crop, its pests, and whether coverage is thin
... A22: References | B22: All 21 sources with links

Sheet Project map
A1: Project map: every file, who owns it, what it does
A3: File or folder | B3: Owner | C3: Layer | D3: What it does
A4: index.html | B4: Kamran | C4: PAGE | D4: Home page: hero, features, grower news box, how identifying works
A5: gallery.html | B5: Kamran | C5: PAGE | D5: Pest Gallery: search box and two drop-downs, grid of pest cards
A6: identify.html | B6: Kamran | C6: PAGE | D6: Identify a Pest: crop tiles, symptom tick boxes, results
A7: pest.html | B7: Kamran | C7: PAGE | D7: One pest: key facts, crops, symptoms, management, look-alike, sources
A8: resources.html / about.html | B8: Kamran | C8: PAGE | D8: Guides and project information
A9: css/styles.css, css/news.css | B9: Ike | C9: LOOK | D9: All colours, layout and the phone-first responsive design
A10: assets/ | B10: Ike (icons, logo) / Olu (photos) | C10: LOOK | D10: Logo, crop icons, pest pictures
A11: js/pests-data.js | B11: Olu | C11: DATA | D11: THE FACTS: cropIcons, allCrops, allSymptoms, pests[]
A12: js/matching.js | B12: Shafaqat | C12: LOGIC | D12: THE JUDGE: findPests (identify) and filterPests (gallery). Never touches the page
A13: js/identify.js | B13: Shafaqat | C13: LOGIC | D13: Runs the Identify page: draws crops and ticks, calls findPests, draws result cards
A14: js/gallery.js | B14: Shafaqat | C14: LOGIC | D14: Runs the Gallery page: draws cards, applies the search and filters
... A20: learning/ | B20: each person | C20: PRIVATE | D20: Study notes. Ignored by Git, never published

Sheet Pest x Crop
A1: Green = pest attacks this crop. Number = source on the References sheet. Blank = not verified.
A3: Pest | B3: Tomato | C3: Cabbage | D3: Potato | E3: Lettuce | F3: Pepper | G3: Cucumber | H3: Strawberry | I3: Spinach | J3: Count
A4: Aphids (Aphidoidea) | B4: 1 | E4: 16 | F4: 17 | G4: 1 | H4: 19, 12 | J4: =COUNTA(B4:I4)
A5: Mealy Cabbage Aphid (Brevicoryne brassicae) | C5: 2, 14 | J5: =COUNTA(B5:I5)
A6: Glasshouse Whitefly (Trialeurodes vaporariorum) | B6: 3, 13 | F6: 3, 17 | G6: 3, 18 | J6: =COUNTA(B6:I6)
A7: Cabbage Caterpillars (Pieris brassicae, P. rapae, P. napi, M) | C7: 4, 14 | J7: =COUNTA(B7:I7)
A8: Cabbage Root Fly (Delia radicum) | C8: 5, 14 | J8: =COUNTA(B8:I8)
A9: Red Spider Mite (Tetranychus urticae) | B9: 6 | F9: 6, 17 | G9: 6, 18 | J9: =COUNTA(B9:I9)
A10: Thrips (Thysanoptera) | B10: 7 | G10: 7 | J10: =COUNTA(B10:I10)
A11: Slugs and Snails (Arion, Cornu, Deroceras, Limacus) | C11: 14 | D11: 8, 15 | E11: 8, 16 | G11: 18 | H11: 19 | I11: 20 | J11: =COUNTA(B11:I11)
A12: Wireworms (Agriotes) | D12: 9, 15 | J12: =COUNTA(B12:I12)
A13: Potato Cyst Nematodes (Globodera rostochiensis and G. pallida) | B13: 10 | D13: 10, 15 | J13: =COUNTA(B13:I13)
A14: Vine Weevil (Otiorhynchus sulcatus) | H14: 11, 19 | J14: =COUNTA(B14:I14)
A15: Cutworms (Agrotis segetum) | D15: 21, 15 | E15: 21, 16 | J15: =COUNTA(B15:I15)
A16: Count | B16: =COUNTA(B4:B15) | C16: =COUNTA(C4:C15) | D16: =COUNTA(D4:D15) | E16: =COUNTA(E4:E15) | F16: =COUNTA(F4:F15) | G16: =COUNTA(G4:G15) | H16: =COUNTA(H4:H15) | I16: =COUNTA(I4:I15)

Sheet Pest x Symptom
A1: Green = pest causes this symptom. Number = source on the References sheet. Blank = not verified.
A3: Pest | B3: Holes in leaves | C3: Small insects on leaves | D3: Caterpillars on leaves | E3: Sticky residue | F3: Black sooty mould | G3: Curled or distorted leaves | H3: Yellowing leaves | I3: Mottled leaves | J3: Silvery patches | K3: Fine webbing | L3: Stunted growth | M3: Wilting | N3: Tunnelled roots or tubers | O3: Notched leaf edges | P3: Slime trails | Q3: Stems cut at soil level | R3: Count
A4: Aphids (Aphidoidea) | C4: 1 | E4: 1 | G4: 1 | L4: 1 | R4: =COUNTA(B4:Q4)
A5: Mealy Cabbage Aphid (Brevicoryne brassicae) | C5: 2 | G5: 2 | H5: 2 | R5: =COUNTA(B5:Q5)
A6: Glasshouse Whitefly (Trialeurodes vaporariorum) | C6: 3 | E6: 3 | F6: 3 | R6: =COUNTA(B6:Q6)
A7: Cabbage Caterpillars (Pieris brassicae, P. rapae, P. napi, M) | B7: 4 | D7: 4 | R7: =COUNTA(B7:Q7)
A8: Cabbage Root Fly (Delia radicum) | L8: 5 | M8: 5 | N8: 5 | R8: =COUNTA(B8:Q8)
A9: Red Spider Mite (Tetranychus urticae) | I9: 6 | K9: 6 | R9: =COUNTA(B9:Q9)
A10: Thrips (Thysanoptera) | G10: 7 | I10: 7 | J10: 7 | L10: 7 | R10: =COUNTA(B10:Q10)
A11: Slugs and Snails (Arion, Cornu, Deroceras, Limacus) | B11: 8 | N11: 8 | P11: 8 | R11: =COUNTA(B11:Q11)
A12: Wireworms (Agriotes) | N12: 9 | R12: =COUNTA(B12:Q12)
A13: Potato Cyst Nematodes (Globodera rostochiensis and G. pallida) | H13: 10 | M13: 10 | R13: =COUNTA(B13:Q13)
A14: Vine Weevil (Otiorhynchus sulcatus) | M14: 11 | O14: 11 | R14: =COUNTA(B14:Q14)
A15: Cutworms (Agrotis segetum) | M15: 21 | Q15: 21 | R15: =COUNTA(B15:Q15)
A16: Count | B16: =COUNTA(B4:B15) | C16: =COUNTA(C4:C15) | D16: =COUNTA(D4:D15) | E16: =COUNTA(E4:E15) | F16: =COUNTA(F4:F15) | G16: =COUNTA(G4:G15) | H16: =COUNTA(H4:H15) | I16: =COUNTA(I4:I15) | ... Q16: =COUNTA(Q4:Q15)

Sheet Pests
A1: Pests: everything the pest page shows
A3: id | B3: Pest | C3: Scientific name | D3: Type | E3: Crops | F3: Symptoms | G3: No. of symptoms | H3: Can reach High? | I3: Size | J3: Colour | K3: Summary | L3: Management and prevention | M3: Sources
A4: aphids | B4: Aphids | C4: Aphidoidea (superfamily of true bugs, Hemiptera) | D4: Insect | E4: Tomato, Cucumber, Pepper, Lettuce, Strawberry | F4: Small insects on leaves, Sticky residue, Curled or distorted leaves, Stunted growth | G4: =COUNTA('Pest x Symptom'!B4:Q4) | H4: =IF(G4>=3,"Yes","No (needs 3+)") | I4: 1 to 7 mm long | J4: Varies by species: green (greenfly), black (blackfly), yellow, pink, white or mottled | K4: Small sap-sucking insects that many predators eat. They can stunt plants and curl or distort new growth, spread plant viruses, and leave sticky honeydew on which black sooty mould grows. | L4: - Tolerate aphids where possible, as predators often bring them under control - Check plants frequently so you can act before damage develops - Squash small colonies with finger and thumb - Encourage natural enemies of aphids in the garden - Wipe honeydew and sooty mould off with a damp cloth | M4: RHS: Aphids (ref 1); RHS: Fruit aphids (ref 12)
A5: mealy-cabbage-aphid | B5: Mealy Cabbage Aphid | C5: Brevicoryne brassicae | D5: Insect | E5: Cabbage | F5: Small insects on leaves, Yellowing leaves, Curled or distorted leaves | G5: =COUNTA('Pest x Symptom'!B5:Q5) | H5: =IF(G5>=3,"Yes","No (needs 3+)") | I5: Up to 2.5 mm long | J5: Greyish-white, with a whitish, "mealy" look | K5: A sap-sucking aphid that clusters on the undersides of leaves and the growing points of cabbages and other brassicas. On young plants it can distort leaves and kill the growing point. | L5: - Tolerate small populations where possible - Check brassicas frequently from spring onwards - Squash colonies with finger and thumb where practical - Encourage aphid predators such as ladybirds, ground beetles, hoverflies, parasitoid wasps and earwigs - Dispose of old brassica plants once they have finished cropping | M5: RHS: Mealy cabbage aphid (ref 2); RHS: How to grow cabbages (ref 14)
A6: glasshouse-whitefly | B6: Glasshouse Whitefly | C6: Trialeurodes vaporariorum | D6: Insect | E6: Tomato, Cucumber, Pepper | F6: Small insects on leaves, Sticky residue, Black sooty mould | G6: =COUNTA('Pest x Symptom'!B6:Q6) | H6: =IF(G6>=3,"Yes","No (needs 3+)") | I6: Adults about 1.5 mm long | J6: Adults are white. The young (nymphs) are flat, oval and creamy white to whitish-green | K6: A sap-sucking insect that breeds quickly in warm glasshouses. Clouds of small white insects fly up when the plant is disturbed. Its sticky honeydew lets black sooty mould grow. | L6: - Check new plants for whitefly and keep them apart for a while before mixing them in - Remove unwanted plants from the glasshouse so there are fewer hosts - Ventilate well to slow the growth of sooty mould - Clean the glasshouse in winter to reduce overwintering whitefly - Use the parasitic wasp Encarsia formosa early in the season - Yellow sticky traps help you monitor, but do not give control | M6: RHS: Glasshouse whitefly (ref 3)
A7: cabbage-caterpillars | B7: Cabbage Caterpillars | C7: Pieris brassicae, P. rapae, P. napi, Mamestra brassicae, Plutella xylostella | D7: Insect | E7: Cabbage | F7: Holes in leaves, Caterpillars on leaves | G7: =COUNTA('Pest x Symptom'!B7:Q7) | H7: =IF(G7>=3,"Yes","No (needs 3+)") | I7: Varies by species. The diamond-back moth caterpillar is about 1 cm when fully grown | J7: Varies: large white yellow and black with hairs; small white pale green; cabbage moth yellowish or brownish green; diamond-back moth green | K7: The caterpillars of several butterflies and moths that eat cabbages and other brassicas, leaving holes in the leaves. Some bore into the cabbage heart. | L7: - Check plants frequently from spring onwards - Tolerate some caterpillars where possible, as they feed many other creatures - Grow brassicas under fine netting or horticultural fleece so the adults cannot lay eggs, and keep the netting off the leaves - Pick off the pale yellow butterfly eggs and the caterpillars by hand | M7: RHS: Cabbage caterpillars (ref 4)
A8: cabbage-root-fly | B8: Cabbage Root Fly | C8: Delia radicum | D8: Insect | E8: Cabbage | F8: Wilting, Stunted growth, Tunnelled roots or tubers | G8: =COUNTA('Pest x Symptom'!B8:Q8) | H8: =IF(G8>=3,"Yes","No (needs 3+)") | I8: The fly looks like a house fly. The maggot is up to 9 mm long | J8: The maggot is white and has no legs | K8: The white maggots tunnel into the roots of cabbages and other brassicas. Young plants grow slowly, wilt and can die. | L8: - Protect new transplants with a collar so the fly cannot lay eggs by the stem - Grow plants under insect-proof mesh or fleece - Check plants frequently from spring onwards - Practise crop rotation - Encourage birds, hedgehogs and ground beetles | M8: RHS: Cabbage root fly (ref 5); RHS: How to grow cabbages (ref 14)
A9: red-spider-mite | B9: Red Spider Mite | C9: Tetranychus urticae | D9: Mite | E9: Tomato, Cucumber, Pepper | F9: Mottled leaves, Fine webbing | G9: =COUNTA('Pest x Symptom'!B9:Q9) | H9: =IF(G9>=3,"Yes","No (needs 3+)") | I9: Up to 1 mm long | J9: Yellowish-green with a pair of darker marks in spring and summer. Orange-red in autumn and winter | K9: A sap-feeding mite, also called the two-spotted spider mite. It mottles leaves, can cause early leaf loss, and in bad attacks spins fine silk webbing. | L9: - Regular water spraying and high humidity help, but will not control the mite on their own - Remove badly affected plants from the glasshouse, especially in late summer - Before spring, clear out plant debris, old canes, stakes and plant ties - Clean the empty glasshouse thoroughly - Keep weeds in and around the glasshouse under control - Predatory mites and midges can be bought as biological control | M9: RHS: Glasshouse red spider mite (ref 6)
A10: thrips | B10: Thrips | C10: Order Thysanoptera | D10: Insect | E10: Tomato, Cucumber | F10: Silvery patches, Mottled leaves, Curled or distorted leaves, Stunted growth | G10: =COUNTA('Pest x Symptom'!B10:Q10) | H10: =IF(G10>=3,"Yes","No (needs 3+)") | I10: Adults up to 2 mm long | J10: Adults yellowish-brown to blackish-brown. Young thrips are creamy yellow | K10: Small, narrow insects that feed on sap from leaves and flowers. Damage shows as silvery-white patches and mottled leaves, and can distort shoot tips and buds. | L10: - Tolerate some damage. Outdoor plants usually survive it - Encourage natural enemies in the garden, such as the predatory bug Orius laevigatus - In glasshouses, biological controls are available and blue sticky traps can help - Do not use sticky traps outdoors, because they catch many harmless insects | M10: RHS: Thrips (ref 7)
A11: slugs-and-snails | B11: Slugs and Snails | C11: Genera Arion, Cornu, Deroceras, Limacus (class Gastropoda) | D11: Mollusc | E11: Lettuce, Spinach, Cucumber, Strawberry, Potato, Cabbage | F11: Holes in leaves, Slime trails, Tunnelled roots or tubers | G11: =COUNTA('Pest x Symptom'!B11:Q11) | H11: =IF(G11>=3,"Yes","No (needs 3+)") | I11: To be confirmed (the RHS page does not give a size) | J11: To be confirmed. It varies by species; the RHS page shows the grey garden slug | K11: Gastropod molluscs common in UK gardens. Most eat dead plant material, but a few eat live plants. They feed at night and leave ragged holes in soft leaves and seedlings, slime trails, and holes tunnelled into potatoes. | L11: - Plant sturdy potted plantlets instead of tiny seedlings, and protect transplants with cloches - Encourage birds, frogs, toads, hedgehogs, slow-worms and ground beetles - Search by torchlight on mild, damp evenings and move them elsewhere - Use traps such as upturned citrus skins or jars part-filled with beer, and empty them each morning - Water in the early morning, not the evening - An RHS study found copper tape and bark mulch did not reduce slug damage | M11: RHS: Slugs and snails (ref 8)
A12: wireworms | B12: Wireworms | C12: Genus Agriotes (click beetle larvae) | D12: Insect | E12: Potato | F12: Tunnelled roots or tubers | G12: =COUNTA('Pest x Symptom'!B12:Q12) | H12: =IF(G12>=3,"Yes","No (needs 3+)") | I12: Up to 25 mm long | J12: Thin and yellowish-brown, with three pairs of small legs at the head end | K12: The larvae of click beetles. They live in the soil and eat plant roots, and tunnel into potato tubers. Problems are most common when grass is turned into a vegetable bed. | L12: - Tolerate a few. Low numbers do not do much damage - Digging exposes them to birds and other predators - Encourage birds, wasps, hedgehogs and ground beetles - Remove any wireworms you find in the soil - A nematode (Heterorhabditis bacteriophora) is sold as biological control and may need repeating | M12: RHS: Wireworms (ref 9); RHS: How to grow potatoes (ref 15)
A13: potato-cyst-nematodes | B13: Potato Cyst Nematodes | C13: Globodera rostochiensis and G. pallida | D13: Nematode | E13: Potato, Tomato | F13: Yellowing leaves, Wilting | G13: =COUNTA('Pest x Symptom'!B13:Q13) | H13: =IF(G13>=3,"Yes","No (needs 3+)") | I13: Microscopic worms. The cysts they form on roots are under 1 mm across, about pin-head size | J13: Cysts are white, yellow or chestnut brown | K13: Microscopic worm-like pests that feed on the roots of potatoes and related plants such as tomatoes. Patches of the crop grow poorly, turn yellow and wilt, and heavily infested plants give small tubers. | L13: - Rotate crops. Allow at least 5 to 6 years between potatoes if you have a nematode problem - Lift potatoes as soon as the tubers are ready - Pull out self-set potatoes in early summer - Choose resistant varieties, but still rotate - Clean tools and shoes that have touched infested soil - Never use soil from potato beds for greenhouse tomatoes | M13: RHS: Potato cyst nematodes (ref 10)
A14: vine-weevil | B14: Vine Weevil | C14: Otiorhynchus sulcatus | D14: Insect | E14: Strawberry | F14: Notched leaf edges, Wilting | G14: =COUNTA('Pest x Symptom'!B14:Q14) | H14: =IF(G14>=3,"Yes","No (needs 3+)") | I14: Adult about 9 mm long. Grub up to 10 mm long | J14: Adult is dull black with a dirty yellow mark on the wing cases. The grub is plump, white and C-shaped with a light brown head | K14: A common beetle. The adults notch leaf edges, and the grubs eat roots, which makes plants wilt and die. Grubs are a particular risk for strawberries and container-grown plants. | L14: - Tolerate leaf notching caused by the adults - Pick off adult beetles by hand, searching by torchlight on mild evenings - In greenhouses, look under pots and staging by day, and use sticky barriers around pots - Repot plants and remove as many grubs as you can from the roots and compost - Encourage birds, frogs, toads, shrews and hedgehogs - Nematodes can be applied in August or early September when the soil is warm | M14: RHS: Vine weevil (ref 11); RHS: How to grow strawberries (ref 19)
A15: cutworms | B15: Cutworms | C15: Agrotis segetum (turnip moth), Noctua pronuba (large yellow underwing), Agrotis exclamationis (heart and dart moth) | D15: Insect (moth caterpillar) | E15: Lettuce, Potato | F15: Wilting, Stems cut at soil level | G15: =COUNTA('Pest x Symptom'!B15:Q15) | H15: =IF(G15>=3,"Yes","No (needs 3+)") | I15: Up to 40 mm long | J15: Usually greyish-brown, sometimes pale green or creamy-white | K15: Soil-dwelling moth caterpillars that chew through the bases of stems at ground level and feed on lower leaves at night. Plants can wilt suddenly. | L15: - Check plants frequently so you can act before damage is serious - Tolerate some damage where possible - Remove caterpillars from the soil when you find them - Keep vegetable plots well watered. Young cutworms are vulnerable to rain and irrigation - Grow crops under fleece or insect-proof mesh | M15: RHS: Cutworms (ref 21)

Sheet Crops
A1: Crops: who can be found?
A3: Crop | B3: Pests that attack it | C3: Number of pests | D3: Status | E3: Note
A4: Tomato | B4: Aphids, Glasshouse Whitefly, Red Spider Mite, Thrips, Potato Cyst Nematodes | C4: =COUNTIF('Pest x Crop'!B4:B15,"?*") | D4: =IF(C4=0,"No pest",IF(C4<3,"Thin coverage","Covered"))
A5: Cabbage | B5: Mealy Cabbage Aphid, Cabbage Caterpillars, Cabbage Root Fly, Slugs and Snails | C5: =COUNTIF('Pest x Crop'!C4:C15,"?*") | D5: =IF(C5=0,"No pest",IF(C5<3,"Thin coverage","Covered"))
A6: Potato | B6: Slugs and Snails, Wireworms, Potato Cyst Nematodes, Cutworms | C6: =COUNTIF('Pest x Crop'!D4:D15,"?*") | D6: =IF(C6=0,"No pest",IF(C6<3,"Thin coverage","Covered")) | E6: Wireworms can only ever be Low (1 symptom).
A7: Lettuce | B7: Aphids, Slugs and Snails, Cutworms | C7: =COUNTIF('Pest x Crop'!E4:E15,"?*") | D7: =IF(C7=0,"No pest",IF(C7<3,"Thin coverage","Covered")) | E7: Aphids, Slugs and Snails, Cutworms.
A8: Pepper | B8: Aphids, Glasshouse Whitefly, Red Spider Mite | C8: =COUNTIF('Pest x Crop'!F4:F15,"?*") | D8: =IF(C8=0,"No pest",IF(C8<3,"Thin coverage","Covered"))
A9: Cucumber | B9: Aphids, Glasshouse Whitefly, Red Spider Mite, Thrips, Slugs and Snails | C9: =COUNTIF('Pest x Crop'!G4:G15,"?*") | D9: =IF(C9=0,"No pest",IF(C9<3,"Thin coverage","Covered"))
A10: Strawberry | B10: Aphids, Slugs and Snails, Vine Weevil | C10: =COUNTIF('Pest x Crop'!H4:H15,"?*") | D10: =IF(C10=0,"No pest",IF(C10<3,"Thin coverage","Covered")) | E10: Vine Weevil has no symptom we can match yet, so growers rely on Aphids and Slugs.
A11: Spinach | B11: Slugs and Snails | C11: =COUNTIF('Pest x Crop'!I4:I15,"?*") | D11: =IF(C11=0,"No pest",IF(C11<3,"Thin coverage","Covered")) | E11: Only Slugs and Snails is sourced. The RHS spinach page names no other pest. Research a second pest or tell growers coverage is thin.

Sheet Symptoms
A1: Symptoms: the 16 exact words
A2: Spelling matters. The code compares letters. One typo and a pest silently never matches. tests/tests.html checks this.
A4: Symptom (exact words) | B4: Pests that have it | C4: Number of pests | D4: Where it came from
A5: Holes in leaves | B5: Cabbage Caterpillars, Slugs and Snails | C5: =COUNTIF('Pest x Symptom'!B4:B15,"?*") | D5: RHS: caterpillars, slugs
A6: Small insects on leaves | B6: Aphids, Mealy Cabbage Aphid, Glasshouse Whitefly | C6: =COUNTIF('Pest x Symptom'!C4:C15,"?*") | D6: RHS: aphids, whitefly
A7: Caterpillars on leaves | B7: Cabbage Caterpillars | C7: =COUNTIF('Pest x Symptom'!D4:D15,"?*") | D7: RHS: cabbage caterpillars
A8: Sticky residue | B8: Aphids, Glasshouse Whitefly | C8: =COUNTIF('Pest x Symptom'!E4:E15,"?*") | D8: RHS: honeydew
A9: Black sooty mould | B9: Glasshouse Whitefly | C9: =COUNTIF('Pest x Symptom'!F4:F15,"?*") | D9: RHS: whitefly
A10: Curled or distorted leaves | B10: Aphids, Mealy Cabbage Aphid, Thrips | C10: =COUNTIF('Pest x Symptom'!G4:G15,"?*") | D10: RHS: aphids, thrips
A11: Yellowing leaves | B11: Mealy Cabbage Aphid, Potato Cyst Nematodes | C11: =COUNTIF('Pest x Symptom'!H4:H15,"?*") | D11: RHS: mealy cabbage aphid, potato cyst nematodes
A12: Mottled leaves | B12: Red Spider Mite, Thrips | C12: =COUNTIF('Pest x Symptom'!I4:I15,"?*") | D12: RHS: spider mite, thrips
A13: Silvery patches | B13: Thrips | C13: =COUNTIF('Pest x Symptom'!J4:J15,"?*") | D13: RHS: thrips
A14: Fine webbing | B14: Red Spider Mite | C14: =COUNTIF('Pest x Symptom'!K4:K15,"?*") | D14: RHS: spider mite
A15: Stunted growth | B15: Aphids, Cabbage Root Fly, Thrips | C15: =COUNTIF('Pest x Symptom'!L4:L15,"?*") | D15: RHS: aphids, thrips, cabbage root fly
A16: Wilting | B16: Cabbage Root Fly, Potato Cyst Nematodes, Vine Weevil, Cutworms | C16: =COUNTIF('Pest x Symptom'!M4:M15,"?*") | D16: RHS: root fly, cyst nematodes, vine weevil, cutworms
A17: Tunnelled roots or tubers | B17: Cabbage Root Fly, Slugs and Snails, Wireworms | C17: =COUNTIF('Pest x Symptom'!N4:N15,"?*") | D17: RHS: root fly, slugs, wireworms
A18: Notched leaf edges | B18: Vine Weevil | C18: =COUNTIF('Pest x Symptom'!O4:O15,"?*") | D18: RHS: vine weevil
A19: Slime trails | B19: Slugs and Snails | C19: =COUNTIF('Pest x Symptom'!P4:P15,"?*") | D19: RHS: slugs
A20: Stems cut at soil level | B20: Cutworms | C20: =COUNTIF('Pest x Symptom'!Q4:Q15,"?*") | D20: RHS: cutworms

Sheet Matching rules
A1: Matching rules and label calculator
A2: Edit the yellow cells to see how the labels change. These thresholds are the team's choice (js/matching.js), not a standard.
A4: The 3 steps for every pest
A5: Step 1 | B5: Does the pest attack the chosen crop? If not, skip it.
A6: Step 2 | B6: Count the ticked symptoms the pest has. If none, skip it.
A7: Step 3 | B7: share = matched / the pest's own symptom count. Then pick the label. Sort: most matches first, bigger share breaks ties.
A9: Thresholds
A10: High: matches needed | B10: 3
A11: High: share needed | B11: 0.6
A12: Medium: matches needed | B12: 2
A13: Medium: share needed | B13: 0.4
A15: Calculator: type how many symptoms matched
A16: Pest | B16: Its symptoms (from data) | C16: Matched (you type) | D16: Share | E16: Label
A17: Aphids | B17: =COUNTA('Pest x Symptom'!B4:Q4) | C17: 2 | D17: =IF(B17>0,C17/B17,0) | E17: =IF(C17=0,"Skipped (no match)",IF(AND(C17>=$B$10,D17>=$B$11),"High match",IF(AND(C17>=$B$12,D17>=$B$13),"Medium match","Low match")))
A18: Mealy Cabbage Aphid | B18: =COUNTA('Pest x Symptom'!B5:Q5) | C18: 2 | D18: =IF(B18>0,C18/B18,0) | E18: =IF(C18=0,"Skipped (no match)",IF(AND(C18>=$B$10,D18>=$B$11),"High match",IF(AND(C18>=$B$12,D18>=$B$13),"Medium match","Low match")))
A19: Glasshouse Whitefly | B19: =COUNTA('Pest x Symptom'!B6:Q6) | C19: 2 | D19: =IF(B19>0,C19/B19,0) | E19: =IF(C19=0,"Skipped (no match)",IF(AND(C19>=$B$10,D19>=$B$11),"High match",IF(AND(C19>=$B$12,D19>=$B$13),"Medium match","Low match")))
A20: Cabbage Caterpillars | B20: =COUNTA('Pest x Symptom'!B7:Q7) | C20: 2 | D20: =IF(B20>0,C20/B20,0) | E20: =IF(C20=0,"Skipped (no match)",IF(AND(C20>=$B$10,D20>=$B$11),"High match",IF(AND(C20>=$B$12,D20>=$B$13),"Medium match","Low match")))
A21: Cabbage Root Fly | B21: =COUNTA('Pest x Symptom'!B8:Q8) | C21: 2 | D21: =IF(B21>0,C21/B21,0) | E21: =IF(C21=0,"Skipped (no match)",IF(AND(C21>=$B$10,D21>=$B$11),"High match",IF(AND(C21>=$B$12,D21>=$B$13),"Medium match","Low match")))
A22: Red Spider Mite | B22: =COUNTA('Pest x Symptom'!B9:Q9) | C22: 2 | D22: =IF(B22>0,C22/B22,0) | E22: =IF(C22=0,"Skipped (no match)",IF(AND(C22>=$B$10,D22>=$B$11),"High match",IF(AND(C22>=$B$12,D22>=$B$13),"Medium match","Low match")))
A23: Thrips | B23: =COUNTA('Pest x Symptom'!B10:Q10) | C23: 2 | D23: =IF(B23>0,C23/B23,0) | E23: =IF(C23=0,"Skipped (no match)",IF(AND(C23>=$B$10,D23>=$B$11),"High match",IF(AND(C23>=$B$12,D23>=$B$13),"Medium match","Low match")))
A24: Slugs and Snails | B24: =COUNTA('Pest x Symptom'!B11:Q11) | C24: 2 | D24: =IF(B24>0,C24/B24,0) | E24: =IF(C24=0,"Skipped (no match)",IF(AND(C24>=$B$10,D24>=$B$11),"High match",IF(AND(C24>=$B$12,D24>=$B$13),"Medium match","Low match")))
A25: Wireworms | B25: =COUNTA('Pest x Symptom'!B12:Q12) | C25: 1 | D25: =IF(B25>0,C25/B25,0) | E25: =IF(C25=0,"Skipped (no match)",IF(AND(C25>=$B$10,D25>=$B$11),"High match",IF(AND(C25>=$B$12,D25>=$B$13),"Medium match","Low match")))
A26: Potato Cyst Nematodes | B26: =COUNTA('Pest x Symptom'!B13:Q13) | C26: 2 | D26: =IF(B26>0,C26/B26,0) | E26: =IF(C26=0,"Skipped (no match)",IF(AND(C26>=$B$10,D26>=$B$11),"High match",IF(AND(C26>=$B$12,D26>=$B$13),"Medium match","Low match")))
A27: Vine Weevil | B27: =COUNTA('Pest x Symptom'!B14:Q14) | C27: 2 | D27: =IF(B27>0,C27/B27,0) | E27: =IF(C27=0,"Skipped (no match)",IF(AND(C27>=$B$10,D27>=$B$11),"High match",IF(AND(C27>=$B$12,D27>=$B$13),"Medium match","Low match")))
A28: Cutworms | B28: =COUNTA('Pest x Symptom'!B15:Q15) | C28: 2 | D28: =IF(B28>0,C28/B28,0) | E28: =IF(C28=0,"Skipped (no match)",IF(AND(C28>=$B$10,D28>=$B$11),"High match",IF(AND(C28>=$B$12,D28>=$B$13),"Medium match","Low match")))
A30: Plain meaning
A31: High match | B31: Strong evidence. Needs 3+ symptoms AND 60%+ of the pest's list.
A32: Medium match | B32: Plausible. Needs 2+ symptoms AND 40%+ of its list.
A33: Low match | B33: Possible. Check the others too. Not a failure.

Sheet Scenarios
A1: Scenarios: what the site shows
A2: Generated from the data using the same rules as matching.js. If the data changes, these must be regenerated.
A4: A. One symptom ticked (every crop x every symptom) | H4: B. Worked examples (several ticks)
A5: Crop | B5: Symptom ticked | C5: Pests shown (best first) | D5: Best label | E5: Count | G5: Summary | H5: Crop | I5: Ticked | J5: Result (best first) | K5: Why this example
A6: Tomato | B6: Holes in leaves | C6: No pests match | D6: - | E6: 0 | G6: 128 one-tick scenarios | H6: Tomato | I6: Small insects on leaves; Sticky residue; Black sooty mould | J6: Glasshouse Whitefly: High match (3 of 3, share 100%) Aphids: Medium match (2 of 4, share 50%) | K6: Classic whitefly picture
A7: Tomato | B7: Small insects on leaves | C7: Glasshouse Whitefly (Low), Aphids (Low) | D7: Low match | E7: 2 | G7: 64 show "No pests match" (red rows). That is normal: most symptoms belong to only a few pests. | H7: Tomato | I7: Small insects on leaves; Sticky residue; Curled or distorted leaves; Stunted growth | J7: Aphids: High match (4 of 4, share 100%) Glasshouse Whitefly: Medium match (2 of 3, share 67%) Thrips: Medium match (2 of 4, share 50%) | K7: Classic aphid picture
A8: Tomato | B8: Caterpillars on leaves | C8: No pests match | D8: - | E8: 0 | H8: Cabbage | I8: Holes in leaves; Caterpillars on leaves | J8: Cabbage Caterpillars: Medium match (2 of 2, share 100%) Slugs and Snails: Low match (1 of 3, share 33%) | K8: Two ticks, but caterpillars have only 2 symptoms
A9: Tomato | B9: Sticky residue | C9: Glasshouse Whitefly (Low), Aphids (Low) | D9: Low match | E9: 2 | H9: Cabbage | I9: Wilting; Stunted growth; Tunnelled roots or tubers | J9: Cabbage Root Fly: High match (3 of 3, share 100%) Slugs and Snails: Low match (1 of 3, share 33%) | K9: Cabbage root fly: all 3 of its symptoms
A10: Tomato | B10: Black sooty mould | C10: Glasshouse Whitefly (Low) | D10: Low match | E10: 1 | H10: Potato | I10: Tunnelled roots or tubers | J10: Wireworms: Low match (1 of 1, share 100%) Slugs and Snails: Low match (1 of 3, share 33%) | K10: Slugs, wireworms: one tick cannot separate them
A11: Tomato | B11: Curled or distorted leaves | C11: Aphids (Low), Thrips (Low) | D11: Low match | E11: 2 | H11: Potato | I11: Yellowing leaves; Wilting | J11: Potato Cyst Nematodes: Medium match (2 of 2, share 100%) Cutworms: Low match (1 of 2, share 50%) | K11: Potato cyst nematodes: both symptoms
A12: Tomato | B12: Yellowing leaves | C12: Potato Cyst Nematodes (Low) | D12: Low match | E12: 1 | H12: Strawberry | I12: Notched leaf edges; Wilting | J12: Vine Weevil: Medium match (2 of 2, share 100%) | K12: Vine weevil: both symptoms
A13: Tomato | B13: Mottled leaves | C13: Red Spider Mite (Low), Thrips (Low) | D13: Low match | E13: 2 | H13: Cucumber | I13: Mottled leaves; Fine webbing | J13: Red Spider Mite: Medium match (2 of 2, share 100%) Thrips: Low match (1 of 4, share 25%) | K13: Red spider mite: both symptoms
A14: Tomato | B14: Silvery patches | C14: Thrips (Low) | D14: Low match | E14: 1 | H14: Spinach | I14: Holes in leaves; Slime trails | J14: Slugs and Snails: Medium match (2 of 3, share 67%) | K14: Spinach only has slugs
A15: Tomato | B15: Fine webbing | C15: Red Spider Mite (Low) | D15: Low match | E15: 1 | H15: Lettuce | I15: Wilting; Stems cut at soil level | J15: Cutworms: Medium match (2 of 2, share 100%) | K15: Cutworms, both symptoms
A16: Tomato | B16: Stunted growth | C16: Aphids (Low), Thrips (Low) | D16: Low match | E16: 2
A17: Tomato | B17: Wilting | C17: Potato Cyst Nematodes (Low) | D17: Low match | E17: 1
A18: Tomato | B18: Tunnelled roots or tubers | C18: No pests match | D18: - | E18: 0
A19: Tomato | B19: Notched leaf edges | C19: No pests match | D19: - | E19: 0
A20: Tomato | B20: Slime trails | C20: No pests match | D20: - | E20: 0
A21: Tomato | B21: Stems cut at soil level | C21: No pests match | D21: - | E21: 0
A22: Cabbage | B22: Holes in leaves | C22: Cabbage Caterpillars (Low), Slugs and Snails (Low) | D22: Low match | E22: 2
A23: Cabbage | B23: Small insects on leaves | C23: Mealy Cabbage Aphid (Low) | D23: Low match | E23: 1
A24: Cabbage | B24: Caterpillars on leaves | C24: Cabbage Caterpillars (Low) | D24: Low match | E24: 1
A25: Cabbage | B25: Sticky residue | C25: No pests match | D25: - | E25: 0
A26: Cabbage | B26: Black sooty mould | C26: No pests match | D26: - | E26: 0
A27: Cabbage | B27: Curled or distorted leaves | C27: Mealy Cabbage Aphid (Low) | D27: Low match | E27: 1
... A133: Spinach | B133: Stems cut at soil level | C133: No pests match | D133: - | E133: 0

Sheet Work plan
A1: Work plan: who does what next
A3: # | B3: Owner | C3: Task | D3: Why | E3: Status | F3: Priority
A4: 1 | B4: Olu | C4: Size, colour and scientific group still empty where no source gives them. No separate verified file exists - that content is already merged into js/pests-data.js, leaving the fields blank on purpose. | D4: Draft text must not reach growers | E4: To do | F4: High
A5: 2 | B5: Olu | C5: Check each of the 16 symptoms and 21 sources; correct anything the sources do not say | D5: Content owner sign-off | E5: To do | F5: High
A6: 3 | B6: Olu | C6: Research a second Spinach pest, or accept thin coverage | D6: Spinach has one pest | E6: To do | F6: Medium
A7: 4 | B7: Olu / Marvis | C7: Confirm photo licences and credits; replace non-open ones; eyeball every photo against its scientific name | D7: Public site needs permission and credit | E7: To do | F7: High
A8: 5 | B8: Shafaqat | C8: allSymptoms updated to the 16 exact words | D8: Verified in tests: every pest symptom exists in allSymptoms. | E8: Done 14 Oct | F8: High
A9: 6 | B9: Shafaqat | C9: Re-run tests/tests.html after the data change (README says 28) | D9: Catches misspelt crops and symptoms | E9: To do | F9: High
A10: 7 | B10: Shafaqat | C10: Check cropIcons has all 8 crops, including Strawberry and Spinach | D10: Verified: Strawberry and Spinach both have icons, 8 of 8. | E10: Done 14 Oct | F10: High
A11: 8 | B11: Shafaqat | C11: Review gallery.js: crop filter lists the 8 crops, type filter lists Insect, Mite, Mollusc, Nematode | D11: allTypes has 4 types including Nematode; the filter builds itself from that list. | E11: Done 14 Oct | F11: Medium
A12: 9 | B12: Ike | C12: Icons for Strawberry and Spinach; check 16 tick boxes fit on a phone | D12: New crops and more symptoms | E12: To do | F12: High
A13: 10 | B13: Kamran | C13: pest.html: show the look-alike panel for Wireworms; remove the draft note once verified | D13: Panel present and unhides only when a record has lookAlike. | E13: Done 14 Oct | F13: Medium
A14: 11 | B14: Marvis | C14: Update README link to this workbook (v3 is out of date); update docs/data-fields.md and matching-rules.md | D14: Master workbook is now the main data file. | E14: Done 15 Oct | F14: Medium
A15: 12 | B15: Everyone | C15: Learn the story of one click and be ready to explain it (viva) | D15: Shared viva preparation | E15: In progress | F15: Medium
B17: Status options: To do / In progress / Done

Sheet Photos
A1: Photos: credit and licence status
A2: As recorded in the team photo sheet (13 October). Not independently verified. Look at every photo and compare it with the scientific name.
A4: Pest | B4: Scientific name | C4: Licence and credit (as recorded) | D4: Status | E4: Check before publishing
A5: Aphids | B5: Aphidoidea | C5: CC BY-SA 2.5 - Andre Karwath | D5: Open licence, credit needed | E5: Share-alike: credit and keep the same licence for the photo
A6: Mealy Cabbage Aphid | B6: Brevicoryne brassicae | C6: Educational, credit expected - UMass Amherst | D6: NOT an open licence | E6: Ask permission or replace
A7: Glasshouse Whitefly | B7: Trialeurodes vaporariorum | C7: CC BY-SA 4.0 - Dr. Guido Bohne | D7: Open licence, credit needed
A8: Cabbage Caterpillars | B8: Pieris brassicae, P. rapae, P. napi, Mamestra brassicae, Plutella xylostella | C8: CC BY-SA 4.0 - Didier Descouens | D8: Open licence, credit needed | E8: Species shown is Pieris brassicae (one of the five we list)
A9: Cabbage Root Fly | B9: Delia radicum | C9: CC BY 4.0 - Schlaghecken Josef | D9: Open licence, credit needed
A10: Red Spider Mite | B10: Tetranychus urticae | C10: Pexels License | D10: Free to use | E10: No credit required
A11: Thrips | B11: Order Thysanoptera | C11: CC BY-SA 4.0 - Dave Kirkeby | D11: Open licence, credit needed | E11: Replaced 15 Oct. Was a numbered figure plate from a paper, which no grower would recognise.
A12: Slugs and Snails | B12: Genera Arion, Cornu, Deroceras, Limacus | C12: CC BY-SA 4.0 - Rubbish computer | D12: Open licence, credit needed | E12: Shows a slug only
A13: Wireworms | B13: Genus Agriotes | C13: CC0 - ZATRIPPIT | D13: Public domain (CC0) | E13: Replaced 15 Oct. Was a 1900s line-drawing plate. This shows the pale larva in soil.
A14: Potato Cyst Nematodes | B14: Globodera rostochiensis and G. pallida | C14: Government, credit expected - Business Queensland | D14: NOT confirmed open | E14: Photo shows cysts on roots. Check the photo rights, which are separate from the page. Australian source
A15: Vine Weevil | B15: Otiorhynchus sulcatus | C15: CC BY 4.0 - Manaaki Whenua | D15: Open licence, credit needed | E15: Adult
A16: Cutworms | B16: Agrotis segetum | C16: CC BY 3.0 US - W.M. Hantsbarger, Bugwood.org | D16: Open licence, credit needed | E16: Genus level

Sheet References
A1: References (Harvard style)
A3: Ref | B3: Source | C3: Link | D3: Accessed
A4: 1 | B4: Royal Horticultural Society (n.d.) Aphids. | C4: https://www.rhs.org.uk/biodiversity/aphids | D4: 13-14 October 2026
A5: 2 | B5: Royal Horticultural Society (n.d.) Mealy cabbage aphid. | C5: https://www.rhs.org.uk/biodiversity/mealy-cabbage-aphid | D5: 13-14 October 2026
A6: 3 | B6: Royal Horticultural Society (n.d.) Glasshouse whitefly. | C6: https://www.rhs.org.uk/biodiversity/glasshouse-whitefly | D6: 13-14 October 2026
A7: 4 | B7: Royal Horticultural Society (n.d.) Cabbage caterpillars. | C7: https://www.rhs.org.uk/biodiversity/cabbage-caterpillars | D7: 13-14 October 2026
A8: 5 | B8: Royal Horticultural Society (n.d.) Cabbage root fly. | C8: https://www.rhs.org.uk/biodiversity/cabbage-root-fly | D8: 13-14 October 2026
A9: 6 | B9: Royal Horticultural Society (n.d.) Glasshouse red spider mite. | C9: https://www.rhs.org.uk/biodiversity/glasshouse-red-spider-mite | D9: 13-14 October 2026
A10: 7 | B10: Royal Horticultural Society (n.d.) Thrips. | C10: https://www.rhs.org.uk/biodiversity/thrips | D10: 13-14 October 2026
A11: 8 | B11: Royal Horticultural Society (n.d.) Slugs and snails. | C11: https://www.rhs.org.uk/biodiversity/slugs-and-snails | D11: 13-14 October 2026
A12: 9 | B12: Royal Horticultural Society (n.d.) Wireworms. | C12: https://www.rhs.org.uk/biodiversity/wireworms | D12: 13-14 October 2026
A13: 10 | B13: Royal Horticultural Society (n.d.) Potato cyst nematodes. | C13: https://www.rhs.org.uk/biodiversity/potato-cyst-nematodes | D13: 13-14 October 2026
A14: 11 | B14: Royal Horticultural Society (n.d.) Vine weevil. | C14: https://www.rhs.org.uk/biodiversity/vine-weevil | D14: 13-14 October 2026
A15: 12 | B15: Royal Horticultural Society (n.d.) Fruit aphids. | C15: https://www.rhs.org.uk/biodiversity/fruit-aphids | D15: 13-14 October 2026
... A24: 21 | B24: Royal Horticultural Society (n.d.) Cutworms. | C24: https://www.rhs.org.uk/biodiversity/cutworms | D24: 13-14 October 2026
