Workbook

Sheet START HERE
A1: Pest2Veg: the one workbook we work from
A2: CPU4106 group project. UK vegetable growers. Supports UN SDG 2: Zero Hunger. Six-crop version: Tomato, Cabbage, Potato, Lettuce, Pepper, Cucumber. Checked 15 October 2026.
A4: What Pest2Veg does | B4: A grower picks a crop and the site shows a card for every pest recorded on that crop, each with a photo, what to look for, and a link to full management advice. It shows POSSIBLE pests only. It is not a diagnosis and it does not recognise pests from photos.
A5: What this workbook is | B5: The human-readable version of js/pests-data.js. If the website and this workbook disagree, fix the workbook or the data until they match.
A6: The one rule | B6: A link is only in here if a real source on the References sheet says so. Blank = not verified = not in the data. Never present an unverified claim as fact.
A7: Scope | B7: 6 crops, 12 pests (11 insects, mites, molluscs and worms, plus pigeons), 16 symptom words, 18 sources. UK sources only (mostly the Royal Horticultural Society).
A8: How the site works in 3 layers | B8: DATA (what we know: pests-data.js, Olu) -> LOGIC (pick the pests for the chosen crop: identify.js, Shafaqat) -> PAGES (what the grower sees: html by Kamran, css by Ike).
A9: Known limits | B9: Pigeons are sourced for cabbage only: the RHS lettuce page mentions birds in general, not pigeons. Pigeons still need a photo. Potato cyst nematodes: the RHS gives symptoms for potatoes only, so the Tomato card borrows them. Some RHS pages loaded only partly. Photo licences still being checked.
A11: SHEET | B11: WHAT IT IS FOR
A12: Project map | B12: Every file in the project, who owns it, what it does
A13: Pest x Crop | B13: Which pest attacks which crop, with the source number
A14: Pest x Symptom | B14: What each pest looks like (its symptoms), with the source number
A15: Pests | B15: One row per pest: scientific name, size, colour, card line, summary, management, sources
A16: Crops | B16: Each crop, its pests, and whether coverage is thin
... A22: Size and colour | B22: Where each size and colour value came from, with corrections

Sheet Project map
A1: Project map: every file, who owns it, what it does
A3: File or folder | B3: Owner | C3: Layer | D3: What it does
A4: index.html | B4: Kamran | C4: PAGE | D4: Home page: hero, features, grower news box, how identifying works
A5: gallery.html | B5: Kamran | C5: PAGE | D5: Pest Gallery: search box and two drop-downs, grid of pest cards
A6: identify.html | B6: Kamran | C6: PAGE | D6: Identify a Pest: crop tiles, then a card for each pest on the chosen crop
A7: pest.html | B7: Kamran | C7: PAGE | D7: One pest: key facts, crops, symptoms, management, look-alike, sources
A8: resources.html / about.html | B8: Kamran | C8: PAGE | D8: Guides and project information
A9: css/styles.css, css/news.css | B9: Ike | C9: LOOK | D9: All colours, layout and the phone-first responsive design
A10: assets/ | B10: Ike (icons, logo) / Olu (photos) | C10: LOOK | D10: Logo, crop icons, pest pictures
A11: js/pests-data.js | B11: Olu | C11: DATA | D11: THE FACTS: cropIcons, allCrops, allSymptoms, pests[]
A12: js/matching.js | B12: Shafaqat | C12: LOGIC | D12: Old symptom-matching judge (findPests). Not needed now that cards replace matching. Keep filterPests only if the gallery still uses it
A13: js/identify.js | B13: Shafaqat | C13: LOGIC | D13: Runs the Identify page: draws the crop tiles and, for the chosen crop, draws a pest card for each pest on it
A14: js/gallery.js | B14: Shafaqat | C14: LOGIC | D14: Runs the Gallery page: draws cards, applies the search and filters
... A20: learning/ | B20: each person | C20: PRIVATE | D20: Study notes. Ignored by Git, never published

Sheet Pest x Crop
A1: Green = pest attacks this crop. Number = source on the References sheet. Blank = not verified.
A3: Pest | B3: Tomato | C3: Cabbage | D3: Potato | E3: Lettuce | F3: Pepper | G3: Cucumber | H3: Count
A4: Aphids (Aphidoidea) | B4: 1 | E4: 14 | F4: 15 | G4: 1 | H4: =COUNTA(B4:G4) -> 4
A5: Mealy Cabbage Aphid (Brevicoryne brassicae) | C5: 2, 12 | H5: =COUNTA(B5:G5) -> 1
A6: Glasshouse Whitefly (Trialeurodes vaporariorum) | B6: 3, 11 | F6: 3, 15 | G6: 3, 16 | H6: =COUNTA(B6:G6) -> 3
A7: Cabbage Caterpillars (Pieris brassicae, P. rapae, P. napi, M) | C7: 4, 12 | H7: =COUNTA(B7:G7) -> 1
A8: Cabbage Root Fly (Delia radicum) | C8: 5, 12 | H8: =COUNTA(B8:G8) -> 1
A9: Red Spider Mite (Tetranychus urticae) | B9: 6 | F9: 6, 15 | G9: 6, 16 | H9: =COUNTA(B9:G9) -> 3
A10: Thrips (Thysanoptera) | B10: 7 | G10: 7 | H10: =COUNTA(B10:G10) -> 2
A11: Slugs and Snails (Arion, Cornu, Deroceras, Limacus) | C11: 12 | D11: 8, 13 | E11: 8, 14 | G11: 16 | H11: =COUNTA(B11:G11) -> 4
A12: Wireworms (Agriotes) | D12: 9, 13 | H12: =COUNTA(B12:G12) -> 1
A13: Potato Cyst Nematodes (Globodera rostochiensis and G. pallida) | B13: 10 | D13: 10, 13 | H13: =COUNTA(B13:G13) -> 2
A14: Cutworms (Agrotis segetum) | D14: 17, 13 | E14: 17, 14 | H14: =COUNTA(B14:G14) -> 2
A15: Pigeons (Columba palumbus, C. livia) | C15: 18, 12 | H15: =COUNTA(B15:G15) -> 1
A16: Count | B16: =COUNTA(B4:B15) -> 5 | C16: =COUNTA(C4:C15) -> 5 | D16: =COUNTA(D4:D15) -> 4 | E16: =COUNTA(E4:E15) -> 3 | F16: =COUNTA(F4:F15) -> 3 | G16: =COUNTA(G4:G15) -> 5

Sheet Pest x Symptom
A1: Green = pest causes this symptom. Number = source on the References sheet. Blank = not verified.
A3: Pest | B3: Holes in leaves | C3: Small insects on leaves | D3: Caterpillars on leaves | E3: Sticky residue | F3: Black sooty mould | G3: Curled or distorted leaves | H3: Yellowing leaves | I3: Mottled leaves | J3: Silvery patches | K3: Fine webbing | L3: Stunted growth | M3: Wilting | N3: Tunnelled roots or tubers | O3: Slime trails | P3: Stems cut at soil level | Q3: Torn or shredded leaves | R3: Count
A4: Aphids (Aphidoidea) | C4: 1 | E4: 1 | G4: 1 | L4: 1 | R4: =COUNTA(B4:Q4) -> 4
A5: Mealy Cabbage Aphid (Brevicoryne brassicae) | C5: 2 | G5: 2 | H5: 2 | R5: =COUNTA(B5:Q5) -> 3
A6: Glasshouse Whitefly (Trialeurodes vaporariorum) | C6: 3 | E6: 3 | F6: 3 | R6: =COUNTA(B6:Q6) -> 3
A7: Cabbage Caterpillars (Pieris brassicae, P. rapae, P. napi, M) | B7: 4 | D7: 4 | R7: =COUNTA(B7:Q7) -> 2
A8: Cabbage Root Fly (Delia radicum) | L8: 5 | M8: 5 | N8: 5 | R8: =COUNTA(B8:Q8) -> 3
A9: Red Spider Mite (Tetranychus urticae) | I9: 6 | K9: 6 | R9: =COUNTA(B9:Q9) -> 2
A10: Thrips (Thysanoptera) | G10: 7 | I10: 7 | J10: 7 | L10: 7 | R10: =COUNTA(B10:Q10) -> 4
A11: Slugs and Snails (Arion, Cornu, Deroceras, Limacus) | B11: 8 | N11: 8 | O11: 8 | R11: =COUNTA(B11:Q11) -> 3
A12: Wireworms (Agriotes) | N12: 9 | R12: =COUNTA(B12:Q12) -> 1
A13: Potato Cyst Nematodes (Globodera rostochiensis and G. pallida) | H13: 10 | M13: 10 | R13: =COUNTA(B13:Q13) -> 2
A14: Cutworms (Agrotis segetum) | M14: 17 | P14: 17 | R14: =COUNTA(B14:Q14) -> 2
A15: Pigeons (Columba palumbus, C. livia) | Q15: 18 | R15: =COUNTA(B15:Q15) -> 1
A16: Count | B16: =COUNTA(B4:B15) -> 2 | C16: =COUNTA(C4:C15) -> 3 | D16: =COUNTA(D4:D15) -> 1 | E16: =COUNTA(E4:E15) -> 2 | F16: =COUNTA(F4:F15) -> 1 | G16: =COUNTA(G4:G15) -> 3 | H16: =COUNTA(H4:H15) -> 2 | I16: =COUNTA(I4:I15) -> 2 | ... Q16: =COUNTA(Q4:Q15) -> 1

Sheet Pests
A1: Pests: everything the pest page and card show
A3: id | B3: Pest | C3: Scientific name | D3: Type | E3: Crops | F3: Symptoms | G3: No. of symptoms | H3: Card line (short summary) | I3: Size | J3: Colour | K3: Summary | L3: Management and prevention | M3: Sources
A4: aphids | B4: Aphids | C4: Aphidoidea (superfamily of true bugs, Hemiptera) | D4: Insect | E4: Tomato, Cucumber, Pepper, Lettuce | F4: Small insects on leaves, Sticky residue, Curled or distorted leaves, Stunted growth | G4: =COUNTA('Pest x Symptom'!B4:Q4) -> 4 | H4: Small sap-sucking insects that stunt plants and curl or distort new growth. | I4: 1 to 7 mm long | J4: Green (greenfly) or black (blackfly); some species yellow, pink, white or mottled | K4: Small sap-sucking insects that many predators eat. They can stunt plants and curl or distort new growth, spread plant viruses, and leave sticky honeydew on which black sooty mould grows. | L4: - Check often: look your plants over regularly so you can act before damage develops. - Be patient: where you can, tolerate aphids. Ladybirds, hoverflies, ground beetles, parasitoid wasps and earwigs often bring them under control, especially if you wait a while early in the year. - Squash small colonies between finger and thumb. - Invite the helpers: encourage natural enemies into your garden. - Tidy up: sticky honeydew and the sooty mould that grows on it are harmless and wipe off with a damp cloth. - Watch for virus: destroy plants showing virus symptoms so the disease does not spread. - Skip the sprays: the RHS advises against pesticides, even organic ones, because they also harm the natural enemies that keep aphids down. - In greenhouses: hoverfly larvae, lacewing larvae and parasitoid wasps can be bought as biological control. | M4: RHS: Aphids (ref 1)
A5: mealy-cabbage-aphid | B5: Mealy Cabbage Aphid | C5: Brevicoryne brassicae | D5: Insect | E5: Cabbage | F5: Small insects on leaves, Yellowing leaves, Curled or distorted leaves | G5: =COUNTA('Pest x Symptom'!B5:Q5) -> 3 | H5: Greyish-white aphids that cluster under cabbage leaves and on growing points. | I5: Up to 2.5 mm long | J5: Greyish-white, with a distinct whitish or 'mealy' appearance | K5: A sap-sucking aphid that clusters on the undersides of leaves and the growing points of cabbages and other brassicas. On young plants it can distort leaves and kill the growing point. | L5: - Check early: from spring, look over your brassicas often, especially young plants and kale, so you can act before a damaging colony builds up. - Be patient: on established plants, small numbers can be tolerated where possible. - Squash colonies between finger and thumb where practical. - Invite the helpers: ladybirds, ground beetles, hoverflies, parasitoid wasps and earwigs all eat aphids. In spring, aphids often build up before these helpers are active, so early checks matter. - Clear up: dispose of old brassica plants once they have finished cropping, to lower the risk for next season's plants. | M5: RHS: Mealy cabbage aphid (ref 2); RHS: How to grow cabbages (ref 12)
A6: glasshouse-whitefly | B6: Glasshouse Whitefly | C6: Trialeurodes vaporariorum | D6: Insect | E6: Tomato, Cucumber, Pepper | F6: Small insects on leaves, Sticky residue, Black sooty mould | G6: =COUNTA('Pest x Symptom'!B6:Q6) -> 3 | H6: Clouds of tiny white insects that fly up when plants are disturbed. | I6: Adults 1.5 mm; nymphs just over 1 mm | J6: Adults white; nymphs creamy white or whitish-green | K6: A sap-sucking insect that breeds quickly in warm glasshouses. Clouds of small white insects fly up when the plant is disturbed. Its sticky honeydew lets black sooty mould grow. | L6: - Check new plants: look them over for whitefly, and where possible keep them apart for a while before mixing them with your others. - Cut down the hosts: remove unwanted plants from the glasshouse so whitefly have fewer places to live. - Let in air: good ventilation slows sooty mould and helps keep down grey mould. - Clean in winter: cleaning the glasshouse in winter reduces the whitefly that overwinter. - Bring in a helper: the parasitic wasp Encarsia formosa is an established control, available by mail order. Introduce it early, because it cannot give instant control. Parasitised nymphs turn black, so you can see it working. - Use traps for monitoring only: yellow sticky traps show you how many adults there are but do not control them. They also catch helpful wasps, so use them carefully. | M6: RHS: Glasshouse whitefly (ref 3)
A7: cabbage-caterpillars | B7: Cabbage Caterpillars | C7: Pieris brassicae, P. rapae, P. napi, Mamestra brassicae, Plutella xylostella | D7: Insect | E7: Cabbage | F7: Holes in leaves, Caterpillars on leaves | G7: =COUNTA('Pest x Symptom'!B7:Q7) -> 2 | H7: Caterpillars that eat holes in cabbage and other brassica leaves. | J7: Large white: yellow and black with obvious hairs; small white: pale green with velvet-like hairs; cabbage moth: yellowish-green or brownish-green | K7: The caterpillars of several butterflies and moths that eat cabbages and other brassicas, leaving holes in the leaves. Some bore into the cabbage heart. | L7: - Check regularly: from spring onwards, look over your brassicas often. - Net the crop: grow brassicas under fine netting or horticultural fleece so butterflies and moths cannot lay eggs on them. Keep the netting off the leaves, because adults can lay eggs through it. - Pick them off: inspect plants regularly and remove pale yellow butterfly eggs, white round moth eggs and caterpillars by hand. - Share a little: where you can, tolerate some caterpillars. They are food for many other creatures. - Last resort: a pathogenic nematode product is sold for caterpillars. It can infect other animals, so use it only for a specific problem, in cool, dull or damp weather. | M7: RHS: Cabbage caterpillars (ref 4)
A8: cabbage-root-fly | B8: Cabbage Root Fly | C8: Delia radicum | D8: Insect | E8: Cabbage | F8: Wilting, Stunted growth, Tunnelled roots or tubers | G8: =COUNTA('Pest x Symptom'!B8:Q8) -> 3 | H8: White maggots that tunnel into roots, so young plants grow slowly and wilt. | I8: Larvae up to 9 mm long | J8: White, legless and headless maggots | K8: The white maggots tunnel into the roots of cabbages and other brassicas. Young plants grow slowly, wilt and can die. | L8: - Check regularly: from spring onwards, look over your plants often. - Collar new transplants: place a collar around the base of the stem, an 8 to 15 cm square or circle of carpet underlay or cardboard. It stops the female fly laying eggs on the soil next to the plant. - Cover the crop: grow plants under insect-proof mesh. Fleece also works and suits seedbeds because it warms the soil. Keep it on all season. - Rotate crops: flies can emerge from pupae that overwinter in the soil if the same crop is grown there year after year. - Invite the helpers: birds, hedgehogs and ground and rove beetles eat the maggots. - Last resort: a nematode product is sold for the larvae. It can also kill other species, so use it with care. | M8: RHS: Cabbage root fly (ref 5); RHS: How to grow cabbages (ref 12)
A9: red-spider-mite | B9: Red Spider Mite | C9: Tetranychus urticae | D9: Mite | E9: Tomato, Cucumber, Pepper | F9: Mottled leaves, Fine webbing | G9: =COUNTA('Pest x Symptom'!B9:Q9) -> 2 | H9: Tiny mites that mottle leaves and spin fine webbing in glasshouses. | I9: Up to 1 mm long | J9: Dark, becoming reddish-orange in autumn; mature females orange-red | K9: A sap-feeding mite, also called the two-spotted spider mite. It mottles leaves, can cause early leaf loss, and in bad attacks spins fine silk webbing. | L9: - Spray and humidify: regular spraying with water and high humidity help, but will not control the mite on their own. - Avoid dry, crowded, hot glasshouses, which make the damage worse. - Remove badly affected plants, especially in late summer, before the females go into hiding for winter. - Winter clear-out: before spring, clear away plant debris, old canes, stakes and plant ties, where the mites overwinter. Clean the empty glasshouse thoroughly with glasshouse disinfectant. - Keep weeds down in and around the glasshouse, because they can host the mite. - Bring in helpers: the predatory mite Phytoseiulus persimilis is the most commonly used biological control. A predatory midge, Feltiella acarisuga, is also sold. | M9: RHS: Glasshouse red spider mite (ref 6)
A10: thrips | B10: Thrips | C10: Order Thysanoptera | D10: Insect | E10: Tomato, Cucumber | F10: Silvery patches, Mottled leaves, Curled or distorted leaves, Stunted growth | G10: =COUNTA('Pest x Symptom'!B10:Q10) -> 4 | H10: Narrow insects that leave silvery-white patches and mottling on leaves. | I10: Adults up to 2 mm long | J10: Yellowish-brown or blackish-brown adults; nymphs creamy yellow and paler | K10: Small, narrow insects that feed on sap from leaves and flowers. Damage shows as silvery-white patches and mottled leaves, and can distort shoot tips and buds. | L10: - Keep it in proportion: tolerate some damage where you can. The RHS notes that established outdoor shrubs usually survive even extensive silvery mottling. - Invite the helpers: encourage natural enemies in the garden, such as the predatory bug Orius laevigatus. - In glasshouses: biological controls are available, including predatory bugs and mites, and nematodes. They can affect other invertebrates, so use them with care. - Blue sticky traps: hung above or among plants in a glasshouse, they help you monitor and reduce numbers. - Not outdoors: do not use sticky traps outside, because they catch many harmless invertebrates. | M10: RHS: Thrips (ref 7)
A11: slugs-and-snails | B11: Slugs and Snails | C11: Genera Arion, Cornu, Deroceras, Limacus (class Gastropoda) | D11: Mollusc | E11: Lettuce, Cucumber, Potato, Cabbage | F11: Holes in leaves, Slime trails, Tunnelled roots or tubers | G11: =COUNTA('Pest x Symptom'!B11:Q11) -> 3 | H11: Slugs and snails that eat holes in leaves and tunnel into roots and tubers. | K11: Gastropod molluscs common in UK gardens. Most eat dead plant material, but a few eat live plants. They feed at night and leave ragged holes in soft leaves and seedlings, slime trails, and holes tunnelled into potatoes. | L11: - Plant sturdy: use sturdy potted plantlets rather than tiny seedlings, and protect transplants with cloches. - Water in the morning: evening watering creates ideal conditions for slugs to move about at night. - Go on a night patrol: search by torchlight on mild, damp evenings and move slugs and snails well away from vulnerable plants. - Try simple traps: upturned citrus or melon skins, or jars part-filled with beer. Empty them every morning. - Invite the helpers: birds, frogs, toads, hedgehogs, slow-worms and ground beetles all eat slugs and snails. - Winter clear-up: rake the soil and clear fallen leaves so birds can reach exposed eggs. - Nematodes: a slug nematode (Phasmarhabditis hermaphrodita) can be used from spring to early autumn on moist, warm soil. It affects all slug species, including harmless ones, and is unlikely to work on snails. - Barriers are not proven: an RHS study found that copper tape and bark mulch did not reduce slug damage. - Skip the slug pellets: even organic ones have been shown to harm wildlife. - Potatoes: lift maincrop tubers as soon as they are ready. | M11: RHS: Slugs and snails (ref 8)
A12: wireworms | B12: Wireworms | C12: Genus Agriotes (click beetle larvae) | D12: Insect | E12: Potato | F12: Tunnelled roots or tubers | G12: =COUNTA('Pest x Symptom'!B12:Q12) -> 1 | H12: Soil-dwelling click beetle larvae that tunnel into potato tubers. | I12: Up to 25 mm long | J12: Yellowish-brown | K12: The larvae of click beetles. They live in the soil and eat plant roots, and tunnel into potato tubers. Problems are most common when grass is turned into a vegetable bed. | L12: - Stay calm: tolerate a few. Low numbers do not do much damage. - Give it time: numbers usually fall within two years of cultivation, which matters most when grass is dug up for a vegetable bed. - Dig it over: digging briefly exposes the grubs to birds and other predators. - Invite the helpers: birds, wasps, hedgehogs and ground beetles all prey on wireworms. - Pick them out: remove any wireworms you find in the soil. - Last resort: the nematode Heterorhabditis bacteriophora is sold for wireworm control. Water it into moist soil at 12 to 20 degrees C (April to September) soon after buying, and repeat if needed. It can affect other soil insects, so use it where it is needed. | M12: RHS: Wireworms (ref 9); RHS: How to grow potatoes (ref 13)
A13: potato-cyst-nematodes | B13: Potato Cyst Nematodes | C13: Globodera rostochiensis and G. pallida | D13: Nematode | E13: Potato, Tomato | F13: Yellowing leaves, Wilting | G13: =COUNTA('Pest x Symptom'!B13:Q13) -> 2 | H13: Microscopic soil worms that make potato plants grow poorly, turn yellow and wilt. | I13: Cysts under 1 mm in diameter | J13: White, yellow or chestnut brown | K13: Microscopic worm-like pests that feed on the roots of potatoes and related plants such as tomatoes. Patches of the crop grow poorly, turn yellow and wilt, and heavily infested plants give small tubers. | L13: - Rotate: do not grow potatoes or tomatoes in the same soil again and again. If you have a nematode problem, leave at least 5 to 6 years. - Fill the gaps: growing non-host crops in between lets nematode numbers fall naturally. - Lift on time: harvest potatoes as soon as the tubers are ready. - Pull out volunteers: remove self-set potatoes in early summer, before the nematodes finish developing. - Choose varieties wisely: some are resistant, such as Maris Piper and Valor (against golden cyst nematode). Tolerant ones such as Harmony and Lady Balfour (white cyst nematode) still give a worthwhile crop unless the soil is heavily infested. Keep rotating either way. - Keep it clean: clean tools and shoes that have touched infested soil, and do not compost roots from affected plants. - Tomato growers: never use soil from potato beds for greenhouse tomatoes. Use fresh soil, raised beds, growbags, ring culture or straw bales. - Be realistic: you may never remove them completely, but you can reduce the worst effects. | M13: RHS: Potato cyst nematodes (ref 10)
A14: cutworms | B14: Cutworms | C14: Agrotis segetum (turnip moth), Noctua pronuba (large yellow underwing), Agrotis exclamationis (heart and dart moth) | D14: Insect (moth caterpillar) | E14: Lettuce, Potato | F14: Wilting, Stems cut at soil level | G14: =COUNTA('Pest x Symptom'!B14:Q14) -> 2 | H14: Soil-dwelling moth caterpillars that chew through stems at ground level. | I14: Up to 40 mm long | J14: Greyish-brown, but can be pale green or creamy-white | K14: Soil-dwelling moth caterpillars that chew through the bases of stems at ground level and feed on lower leaves at night. Plants can wilt suddenly. | L14: - Check regularly: look over susceptible plants often so you can act before damage is serious. - Accept a little damage where you can. - Pick them out: remove caterpillars from the soil when you find them. - Keep the plot well watered: young cutworms are vulnerable to rain and irrigation, and well-watered vegetable plots are often free of damage. - Cover the crop: crops grown under fleece or insect-proof mesh are less likely to be affected. - Watch the neglected corners: moths lay more eggs in dense vegetation, so overgrown areas and newly dug-up turf are more likely to have problems. - Invite the helpers: digging briefly exposes the grubs to birds, and ladybirds, wasps and ground beetles also eat them. - Last resort: a nematode mix (Fruit and Vegetable Protection) can be used, but it is not specific to cutworms. Water it into moist soil at 12 to 20 degrees C (April to September) and repeat if needed. | M14: RHS: Cutworms (ref 17)
A15: pigeons | B15: Pigeons | C15: Columba palumbus (wood pigeon) and C. livia (feral pigeon) | D15: Bird | E15: Cabbage | F15: Torn or shredded leaves | G15: =COUNTA('Pest x Symptom'!B15:Q15) -> 1 | H15: Birds that peck and tear leaves, sometimes leaving only the stalks and veins. | K15: Wood pigeons and feral pigeons peck at leaves and tear them, often leaving only the stalks and larger veins. Brassicas such as cabbages are at risk. They often visit early in the morning, so you may not see them feeding. Heavy grazing can stop brassicas growing, so they give no crop. | L15: - Spot it early: look for leaves that have been pecked and torn, sometimes with only the stalks and larger veins left. Pigeons often visit early in the morning, so you may not see them feeding. - Net the crop: netting or a fruit cage is the only certain way to protect vulnerable plants from pigeons. For cabbages, fine mesh or insect-proof mesh on hoops or canes also protects against caterpillars, root fly and whitefly. - Keep netting taut: check it regularly for holes, so that birds and other animals do not get trapped or injured. - Do not rely on scarers: scaring devices and repellent substances give, at best, only temporary protection. A calcium chloride deterrent such as Grazers G1 may give some protection. - Know the busy times: pigeons are about all year, most active in early summer while brassicas are growing. In winter they feed on brassicas, especially in snow or frost. - Why it matters: heavy grazing can stop brassicas growing, so they give no crop. | M15: RHS: Pigeons (ref 18); RHS: How to grow cabbages (ref 12)

Sheet Crops
A1: Crops: which pest cards appear for each crop?
A3: Crop | B3: Pests that attack it | C3: Number of pests | D3: Status | E3: Note
A4: Tomato | B4: Aphids, Glasshouse Whitefly, Red Spider Mite, Thrips, Potato Cyst Nematodes | C4: =COUNTIF('Pest x Crop'!B4:B15,"?*") -> 5 | D4: =IF(C4=0,"No pest",IF(C4<3,"Thin coverage","Covered")) -> Covered
A5: Cabbage | B5: Mealy Cabbage Aphid, Cabbage Caterpillars, Cabbage Root Fly, Slugs and Snails, Pigeons | C5: =COUNTIF('Pest x Crop'!C4:C15,"?*") -> 5 | D5: =IF(C5=0,"No pest",IF(C5<3,"Thin coverage","Covered")) -> Covered | E5: Pigeons are sourced on the RHS pigeons and cabbage pages (refs 18, 12).
A6: Potato | B6: Slugs and Snails, Wireworms, Potato Cyst Nematodes, Cutworms | C6: =COUNTIF('Pest x Crop'!D4:D15,"?*") -> 4 | D6: =IF(C6=0,"No pest",IF(C6<3,"Thin coverage","Covered")) -> Covered | E6: Wireworms can only ever be Low (1 symptom).
A7: Lettuce | B7: Aphids, Slugs and Snails, Cutworms | C7: =COUNTIF('Pest x Crop'!E4:E15,"?*") -> 3 | D7: =IF(C7=0,"No pest",IF(C7<3,"Thin coverage","Covered")) -> Covered
A8: Pepper | B8: Aphids, Glasshouse Whitefly, Red Spider Mite | C8: =COUNTIF('Pest x Crop'!F4:F15,"?*") -> 3 | D8: =IF(C8=0,"No pest",IF(C8<3,"Thin coverage","Covered")) -> Covered
A9: Cucumber | B9: Aphids, Glasshouse Whitefly, Red Spider Mite, Thrips, Slugs and Snails | C9: =COUNTIF('Pest x Crop'!G4:G15,"?*") -> 5 | D9: =IF(C9=0,"No pest",IF(C9<3,"Thin coverage","Covered")) -> Covered

Sheet Symptoms
A1: Symptoms: the 16 exact words (shown on each card as What to look for)
A2: Spelling matters. The same words are used in pests-data.js and in the cards, and tests/tests.html checks them. With cards there is no scoring, so a symptom is just a description the grower reads and compares.
A4: Symptom (exact words) | B4: Pests that have it | C4: Number of pests | D4: Where it came from
A5: Holes in leaves | B5: Cabbage Caterpillars, Slugs and Snails | C5: =COUNTIF('Pest x Symptom'!B4:B15,"?*") -> 2 | D5: RHS: caterpillars, slugs
A6: Small insects on leaves | B6: Aphids, Mealy Cabbage Aphid, Glasshouse Whitefly | C6: =COUNTIF('Pest x Symptom'!C4:C15,"?*") -> 3 | D6: RHS: aphids, whitefly
A7: Caterpillars on leaves | B7: Cabbage Caterpillars | C7: =COUNTIF('Pest x Symptom'!D4:D15,"?*") -> 1 | D7: RHS: cabbage caterpillars
A8: Sticky residue | B8: Aphids, Glasshouse Whitefly | C8: =COUNTIF('Pest x Symptom'!E4:E15,"?*") -> 2 | D8: RHS: honeydew
A9: Black sooty mould | B9: Glasshouse Whitefly | C9: =COUNTIF('Pest x Symptom'!F4:F15,"?*") -> 1 | D9: RHS: whitefly
A10: Curled or distorted leaves | B10: Aphids, Mealy Cabbage Aphid, Thrips | C10: =COUNTIF('Pest x Symptom'!G4:G15,"?*") -> 3 | D10: RHS: aphids, thrips
A11: Yellowing leaves | B11: Mealy Cabbage Aphid, Potato Cyst Nematodes | C11: =COUNTIF('Pest x Symptom'!H4:H15,"?*") -> 2 | D11: RHS: mealy cabbage aphid, potato cyst nematodes
A12: Mottled leaves | B12: Red Spider Mite, Thrips | C12: =COUNTIF('Pest x Symptom'!I4:I15,"?*") -> 2 | D12: RHS: spider mite, thrips
A13: Silvery patches | B13: Thrips | C13: =COUNTIF('Pest x Symptom'!J4:J15,"?*") -> 1 | D13: RHS: thrips
A14: Fine webbing | B14: Red Spider Mite | C14: =COUNTIF('Pest x Symptom'!K4:K15,"?*") -> 1 | D14: RHS: spider mite
A15: Stunted growth | B15: Aphids, Cabbage Root Fly, Thrips | C15: =COUNTIF('Pest x Symptom'!L4:L15,"?*") -> 3 | D15: RHS: aphids, thrips, cabbage root fly
A16: Wilting | B16: Cabbage Root Fly, Potato Cyst Nematodes, Cutworms | C16: =COUNTIF('Pest x Symptom'!M4:M15,"?*") -> 3 | D16: RHS: root fly, cyst nematodes, cutworms
A17: Tunnelled roots or tubers | B17: Cabbage Root Fly, Slugs and Snails, Wireworms | C17: =COUNTIF('Pest x Symptom'!N4:N15,"?*") -> 3 | D17: RHS: root fly, slugs, wireworms
A18: Slime trails | B18: Slugs and Snails | C18: =COUNTIF('Pest x Symptom'!O4:O15,"?*") -> 1 | D18: RHS: slugs
A19: Stems cut at soil level | B19: Cutworms | C19: =COUNTIF('Pest x Symptom'!P4:P15,"?*") -> 1 | D19: RHS: cutworms
A20: Torn or shredded leaves | B20: Pigeons | C20: =COUNTIF('Pest x Symptom'!Q4:Q15,"?*") -> 1 | D20: RHS: pigeons, cabbages

Sheet Crop cards
A1: Crop cards: what the grower sees
A2: Generated from the Pests, Pest x Crop and Photos sheets. If the data changes, regenerate this sheet. The site shows these cards, nothing is scored or ranked. The wording is always 'possible pests', never a diagnosis.
A3: How a grower uses it | F3: Cards shown | G3: =COUNTA(B10:B34) -> 25
A4: 1. Tap your crop. | F4: Matches Crops sheet? | G4: =IF(G3=SUM(Crops!C4:C9),"Yes","NO: regenerate") -> Yes
A5: 2. The page shows one card for every pest recorded on that crop.
A6: 3. Read 'What to look for' and compare the photo with what you can see.
A9: Crop | B9: Pest card | C9: Card line | D9: What to look for | E9: Size | F9: Colour | G9: Photo status
A10: Tomato | B10: Aphids | C10: Small sap-sucking insects that stunt plants and curl or distort new growth. | D10: Small insects on leaves, Sticky residue, Curled or distorted leaves, Stunted growth | E10: 1 to 7 mm long | F10: Green (greenfly) or black (blackfly); some species yellow, pink, white or mottled | G10: Open licence, credit needed
A11: Tomato | B11: Glasshouse Whitefly | C11: Clouds of tiny white insects that fly up when plants are disturbed. | D11: Small insects on leaves, Sticky residue, Black sooty mould | E11: Adults 1.5 mm; nymphs just over 1 mm | F11: Adults white; nymphs creamy white or whitish-green | G11: Open licence, credit needed
A12: Tomato | B12: Red Spider Mite | C12: Tiny mites that mottle leaves and spin fine webbing in glasshouses. | D12: Mottled leaves, Fine webbing | E12: Up to 1 mm long | F12: Dark, becoming reddish-orange in autumn; mature females orange-red | G12: Free to use
A13: Tomato | B13: Thrips | C13: Narrow insects that leave silvery-white patches and mottling on leaves. | D13: Silvery patches, Mottled leaves, Curled or distorted leaves, Stunted growth | E13: Adults up to 2 mm long | F13: Yellowish-brown or blackish-brown adults; nymphs creamy yellow and paler | G13: Open licence, credit needed
A14: Tomato | B14: Potato Cyst Nematodes | C14: Microscopic soil worms that make potato plants grow poorly, turn yellow and wilt. | D14: Yellowing leaves, Wilting | E14: Cysts under 1 mm in diameter | F14: White, yellow or chestnut brown | G14: NOT confirmed open
A15: Cabbage | B15: Mealy Cabbage Aphid | C15: Greyish-white aphids that cluster under cabbage leaves and on growing points. | D15: Small insects on leaves, Yellowing leaves, Curled or distorted leaves | E15: Up to 2.5 mm long | F15: Greyish-white, with a distinct whitish or 'mealy' appearance | G15: NOT an open licence
A16: Cabbage | B16: Cabbage Caterpillars | C16: Caterpillars that eat holes in cabbage and other brassica leaves. | D16: Holes in leaves, Caterpillars on leaves | E16: - | F16: Large white: yellow and black with obvious hairs; small white: pale green with velvet-like hairs; cabbage moth: yellowish-green or brownish-green | G16: Open licence, credit needed
A17: Cabbage | B17: Cabbage Root Fly | C17: White maggots that tunnel into roots, so young plants grow slowly and wilt. | D17: Wilting, Stunted growth, Tunnelled roots or tubers | E17: Larvae up to 9 mm long | F17: White, legless and headless maggots | G17: Open licence, credit needed
A18: Cabbage | B18: Slugs and Snails | C18: Slugs and snails that eat holes in leaves and tunnel into roots and tubers. | D18: Holes in leaves, Slime trails, Tunnelled roots or tubers | E18: - | F18: - | G18: Open licence, credit needed
A19: Cabbage | B19: Pigeons | C19: Birds that peck and tear leaves, sometimes leaving only the stalks and veins. | D19: Torn or shredded leaves | E19: - | F19: - | G19: NEEDS A PHOTO
A20: Potato | B20: Slugs and Snails | C20: Slugs and snails that eat holes in leaves and tunnel into roots and tubers. | D20: Holes in leaves, Slime trails, Tunnelled roots or tubers | E20: - | F20: - | G20: Open licence, credit needed
... A34: Cucumber | B34: Slugs and Snails | C34: Slugs and snails that eat holes in leaves and tunnel into roots and tubers. | D34: Holes in leaves, Slime trails, Tunnelled roots or tubers | E34: - | F34: - | G34: Open licence, credit needed

Sheet Work plan
A1: Work plan: who does what next
A3: # | B3: Owner | C3: Task | D3: Why | E3: Status | F3: Priority
A4: 1 | B4: Olu | C4: Add Pigeons to js/pests-data.js: id pigeons, type Bird, crop Cabbage, symptom 'Torn or shredded leaves', sources refs 18 and 12. Size and colour stay blank (the RHS gives none) | D4: Pigeons are a pest in the workbook | E4: To do | F4: High
A5: 2 | B5: Olu | C5: Make the six-crop data: remove Strawberry, Spinach and Vine Weevil from allCrops, cropIcons and pests[]; remove 'Notched leaf edges' from allSymptoms; renumber the references to match the References sheet | D5: Six-crop version | E5: To do | F5: High
A6: 3 | B6: Olu | C6: Check each of the 16 symptoms and 18 sources; correct anything the sources do not say | D6: Content owner sign-off | E6: To do | F6: High
A7: 4 | B7: Olu | C7: Potato cyst nematodes on the Tomato card: the RHS gives symptoms for potatoes only. Add a line saying so, or accept it | D7: Do not claim tomato symptoms the source does not give | E7: To do | F7: Medium
A8: 5 | B8: Olu / Marvis | C8: Confirm photo licences and credits; replace non-open ones; eyeball every photo against its scientific name; find an open-licence Pigeon photo | D8: Public site needs permission and credit | E8: To do | F8: High
A9: 6 | B9: Olu | C9: Replace the management text in js/pests-data.js with the new wording in Pests column L (rewritten from the RHS pages, 12 pests). Check each point against its page | D9: More complete, friendlier and accurate advice; sign-off still needed | E9: To do | F9: High
A10: 7 | B10: Olu / Kamran | C10: Look-alike panels: slugs leave a cavity inside the tuber, wireworms usually tunnel straight through (RHS wireworms page). Use it on both Potato cards | D10: Clear test growers can do | E10: To do | F10: Medium
A11: 8 | B11: Shafaqat | C11: allSymptoms updated to the exact words | D11: Verified in tests: every pest symptom exists in allSymptoms. | E11: Done 14 Oct | F11: High
A12: 9 | B12: Shafaqat | C12: Re-run tests/tests.html after the data change (README says 37) | D12: Catches misspelt crops and symptoms | E12: To do | F12: High
A13: 10 | B13: Shafaqat | C13: Check cropIcons has the 6 crops: Tomato, Cabbage, Potato, Lettuce, Pepper, Cucumber | D13: Six-crop version | E13: To do | F13: High
A14: 11 | B14: Shafaqat | C14: gallery.js: crop filter lists the 6 crops, type filter lists Insect, Mite, Mollusc, Nematode and Bird (the filter builds itself from allTypes) | D14: Pigeons are a Bird | E14: To do | F14: Medium
A15: 12 | B15: Shafaqat | C15: identify.js: replace findPests with a crop filter, e.g. pests.filter(p => p.crops.includes(chosenCrop)), and draw a card for each result. Remove the symptom ticking and the High/Medium/Low labels | D15: Cards replace matching | E15: To do | F15: High
... A22: 19 | B22: Everyone | C22: Learn the story of one click and be ready to explain it (viva): tap a crop, the code filters pests by that crop, a card is drawn for each | D22: Shared viva preparation | E22: In progress | F22: Medium
B24: Status options: To do / In progress / Done (add the date when finished, e.g. Done 14 Oct)

Sheet Photos
A1: Photos: credit and licence status
A2: As recorded in the team photo sheet (13 October). Not independently verified. Look at every photo and compare it with the scientific name.
A4: Pest | B4: Scientific name | C4: Licence and credit (as recorded) | D4: Status | E4: Check before publishing
A5: Aphids | B5: Aphidoidea | C5: CC BY-SA 2.5 - Andre Karwath | D5: Open licence, credit needed | E5: Share-alike: credit and keep the same licence for the photo
A6: Mealy Cabbage Aphid | B6: Brevicoryne brassicae | C6: Educational, credit expected - UMass Amherst | D6: NOT an open licence | E6: Ask permission or replace
A7: Glasshouse Whitefly | B7: Trialeurodes vaporariorum | C7: CC BY-SA 4.0 - Dr. Guido Bohne | D7: Open licence, credit needed
A8: Cabbage Caterpillars | B8: Pieris brassicae, P. rapae, P. napi, Mamestra brassicae, Plutella xylostella | C8: CC BY-SA 4.0 - Didier Descouens | D8: Open licence, credit needed | E8: Species shown is Pieris brassicae (one of the five we list)
A9: Cabbage Root Fly | B9: Delia radicum | C9: CC BY 4.0 - Schlaghecken Josef | D9: Open licence, credit needed
A10: Red Spider Mite | B10: Tetranychus urticae | C10: Pexels License | D10: Free to use | E10: No credit required
A11: Thrips | B11: Order Thysanoptera | C11: CC BY-SA 4.0 - Dave Kirkeby | D11: Open licence, credit needed | E11: Replaced 14 Oct. Was a numbered figure plate from a paper, which no grower would recognise.
A12: Slugs and Snails | B12: Genera Arion, Cornu, Deroceras, Limacus | C12: CC BY-SA 4.0 - Rubbish computer | D12: Open licence, credit needed | E12: Shows a slug only
A13: Wireworms | B13: Genus Agriotes | C13: CC0 - ZATRIPPIT | D13: Public domain (CC0) | E13: Replaced 14 Oct. Was a 1900s line-drawing plate. This shows the pale larva in soil.
A14: Potato Cyst Nematodes | B14: Globodera rostochiensis and G. pallida | C14: Government, credit expected - Business Queensland | D14: NOT confirmed open | E14: Photo shows cysts on roots. Check the photo rights, which are separate from the page. Australian source
A15: Cutworms | B15: Agrotis segetum | C15: CC BY 3.0 US - W.M. Hantsbarger, Bugwood.org | D15: Open licence, credit needed | E15: Genus level
A16: Pigeons | B16: Columba palumbus, C. livia | C16: Not chosen yet | D16: NEEDS A PHOTO | E16: Olu / Marvis: find an open-licence photo of a wood pigeon (ideally on or near a brassica), and record its licence and credit

Sheet References
A1: References (Harvard style)
A3: Ref | B3: Source | C3: Link | D3: Accessed
A4: 1 | B4: Royal Horticultural Society (n.d.) Aphids. | C4: https://www.rhs.org.uk/biodiversity/aphids | D4: 13-14 October 2026
A5: 2 | B5: Royal Horticultural Society (n.d.) Mealy cabbage aphid. | C5: https://www.rhs.org.uk/biodiversity/mealy-cabbage-aphid | D5: 13-14 October 2026
A6: 3 | B6: Royal Horticultural Society (n.d.) Glasshouse whitefly. | C6: https://www.rhs.org.uk/biodiversity/glasshouse-whitefly | D6: 13-14 October 2026
A7: 4 | B7: Royal Horticultural Society (n.d.) Cabbage caterpillars. | C7: https://www.rhs.org.uk/biodiversity/cabbage-caterpillars | D7: 13-14 October 2026
A8: 5 | B8: Royal Horticultural Society (n.d.) Cabbage root fly. | C8: https://www.rhs.org.uk/biodiversity/cabbage-root-fly | D8: 13-14 October 2026
A9: 6 | B9: Royal Horticultural Society (n.d.) Glasshouse red spider mite. | C9: https://www.rhs.org.uk/biodiversity/glasshouse-red-spider-mite | D9: 13-14 October 2026
A10: 7 | B10: Royal Horticultural Society (n.d.) Thrips. | C10: https://www.rhs.org.uk/biodiversity/thrips | D10: 13-14 October 2026
A11: 8 | B11: Royal Horticultural Society (n.d.) Slugs and snails. | C11: https://www.rhs.org.uk/biodiversity/slugs-and-snails | D11: 13-14 October 2026
A12: 9 | B12: Royal Horticultural Society (n.d.) Wireworms. | C12: https://www.rhs.org.uk/biodiversity/wireworms | D12: 13-14 October 2026
A13: 10 | B13: Royal Horticultural Society (n.d.) Potato cyst nematodes. | C13: https://www.rhs.org.uk/biodiversity/potato-cyst-nematodes | D13: 13-14 October 2026
A14: 11 | B14: Royal Horticultural Society (n.d.) How to grow tomatoes. | C14: https://www.rhs.org.uk/vegetables/tomatoes/grow-your-own | D14: 13-14 October 2026
A15: 12 | B15: Royal Horticultural Society (n.d.) How to grow cabbages. | C15: https://www.rhs.org.uk/vegetables/cabbages/grow-your-own | D15: 13-14 October 2026
... A21: 18 | B21: Royal Horticultural Society (n.d.) Pigeons. | C21: https://www.rhs.org.uk/biodiversity/pigeons | D21: 15 October 2026

Sheet Size and colour
A1: Size and colour: where each value came from
A3: Sourced 14 Oct 2026 by Shafaqat Ali from the RHS page already cited in each
A4: pest's own sources field. No new reference was needed.
A6: Pest | B6: Size | C6: Colour | D6: Status
A7: Aphids | B7: 1 to 7 mm long | C7: Green (greenfly) or black (blackfly); some species yellow, pink, white or mottled | D7: Sourced and verified against the RHS page.
A8: Mealy Cabbage Aphid | B8: Up to 2.5 mm long | C8: Greyish-white, with a distinct whitish or 'mealy' appearance | D8: Sourced and verified against the RHS page.
A9: Glasshouse Whitefly | B9: Adults 1.5 mm; nymphs just over 1 mm | C9: Adults white; nymphs creamy white or whitish-green | D9: Sourced and verified against the RHS page.
A10: Cabbage Caterpillars | B10: (no value) | C10: Large white: yellow and black with obvious hairs; small white: pale green with velvet-like hairs; cabbage moth: yellowish-green or brownish-green | D10: No size: the RHS page gives no caterpillar length for Pieris brassicae, rapae or napi. The 1 cm on that page is the diamond-back moth, a different pest.
A11: Cabbage Root Fly | B11: Larvae up to 9 mm long | C11: White, legless and headless maggots | D11: Sourced and verified against the RHS page.
A12: Red Spider Mite | B12: Up to 1 mm long | C12: Dark, becoming reddish-orange in autumn; mature females orange-red | D12: Sourced and verified against the RHS page.
A13: Thrips | B13: Adults up to 2 mm long | C13: Yellowish-brown or blackish-brown adults; nymphs creamy yellow and paler | D13: Sourced and verified against the RHS page.
A14: Slugs and Snails | B14: (no value) | C14: (no value) | D14: No size and no colour: the RHS page gives neither, and our record covers the class Gastropoda, whose species run from under 1 mm to many centimetres.
A15: Wireworms | B15: Up to 25 mm long | C15: Yellowish-brown | D15: Sourced and verified against the RHS page.
A16: Potato Cyst Nematodes | B16: Cysts under 1 mm in diameter | C16: White, yellow or chestnut brown | D16: Sourced and verified against the RHS page.
A17: Cutworms | B17: Up to 40 mm long | C17: Greyish-brown, but can be pale green or creamy-white | D17: Sourced and verified against the RHS page.
A18: Pigeons | B18: (no value) | C18: (no value) | D18: No size and no colour: the RHS pigeons page gives neither.
A20: Corrections
A21: Cabbage Caterpillars colour was 'Green with pale markings', Mealy Cabbage Aphid was 'Greyish-green and covered in waxy powder' and Glasshouse Whitefly size was '1-2 mm'. None of those matched the cited RHS page. Corrected 14 Oct. Red Spider Mite was clarified. See docs/decisions.md.
A23: Coverage
A24: Size on 9 of 12 pests; colour on 10 of 12.
A25: 7 tests added, 37 in total, so these cannot silently go back to blank.
